date,adjusted_close,close,high,low,open,volume,daily_return,ma20,ma50,volatility_20
,BBCA.JK,BBCA.JK,BBCA.JK,BBCA.JK,BBCA.JK,BBCA.JK,,,,
2023-01-02,7820.34521484375,8550.0,8600.0,8500.0,8575.0,10653900,,,,
2023-01-03,7820.34521484375,8550.0,8600.0,8525.0,8550.0,27399100,0.0,,,
2023-01-04,7637.4130859375,8350.0,8575.0,8350.0,8525.0,90918800,-0.023391812865497075,,,
2023-01-05,7545.9462890625,8250.0,8375.0,8150.0,8350.0,128838500,-0.0119760479041916,,,
2023-01-06,7591.6796875,8300.0,8325.0,8100.0,8100.0,69286600,0.0060606060606061,,,
2023-01-09,7728.87890625,8450.0,8450.0,8325.0,8325.0,86916900,0.01807228915662651,,,
2023-01-10,7477.34716796875,8175.0,8425.0,8150.0,8400.0,101759100,-0.03254437869822491,,,
2023-01-11,7431.61474609375,8125.0,8150.0,8000.0,8050.0,96069100,-0.006116207951070374,,,
2023-01-12,7477.34716796875,8175.0,8275.0,8125.0,8150.0,103804600,0.006153846153846176,,,
2023-01-13,7363.01513671875,8050.0,8175.0,8025.0,8150.0,119748200,-0.015290519877675823,,,
2023-01-16,7454.48095703125,8150.0,8200.0,8050.0,8050.0,105710700,0.012422360248447228,,,
2023-01-17,7614.5458984375,8325.0,8375.0,8150.0,8175.0,88695900,0.021472392638036908,,,
2023-01-18,7591.6796875,8300.0,8325.0,8175.0,8200.0,96814600,-0.0030030030030030463,,,
2023-01-19,7614.5458984375,8325.0,8350.0,8250.0,8350.0,66391800,0.003012048192771122,,,
2023-01-20,7591.6796875,8300.0,8325.0,8250.0,8275.0,96859500,-0.0030030030030030463,,,
2023-01-24,7523.08056640625,8225.0,8350.0,8225.0,8300.0,42474500,-0.009036144578313254,,,
2023-01-25,7500.21435546875,8200.0,8300.0,8200.0,8300.0,66124500,-0.003039513677811523,,,
2023-01-26,7751.74560546875,8475.0,8475.0,8225.0,8225.0,77582300,0.03353658536585358,,,
2023-01-27,7957.54443359375,8700.0,8850.0,8550.0,8700.0,196804700,0.026548672566371723,,,
2023-01-30,7957.54443359375,8700.0,8775.0,8575.0,8725.0,68544300,0.0,8333.75,,
2023-01-31,7751.74560546875,8475.0,8675.0,8475.0,8625.0,200589000,-0.025862068965517238,8330.0,,0.017247614892971275
2023-02-01,7774.6123046875,8500.0,8575.0,8450.0,8575.0,77396200,0.002949852507374562,8327.5,,0.01726291413015477
2023-02-02,7728.87890625,8450.0,8525.0,8400.0,8425.0,99109500,-0.00588235294117645,8332.5,,0.0164469873136808
2023-02-03,7957.54443359375,8700.0,8700.0,8500.0,8550.0,71716700,0.029585798816567976,8355.0,,0.017358338461322387
2023-02-06,7980.41015625,8725.0,8750.0,8650.0,8750.0,117757700,0.002873563218390718,8376.25,,0.017341468766766052
2023-02-07,8094.74462890625,8850.0,8850.0,8750.0,8775.0,116014700,0.014326647564469885,8396.25,,0.017185587200506756
2023-02-08,8071.876953125,8825.0,8850.0,8800.0,8825.0,54495500,-0.0028248587570621764,8428.75,,0.01516625071045136
2023-02-09,8140.4755859375,8900.0,8900.0,8800.0,8825.0,72381700,0.008498583569405138,8467.5,,0.015007413251005743
2023-02-10,8071.876953125,8825.0,8900.0,8700.0,8875.0,62060900,-0.008426966292134797,8500.0,,0.015283258846331145
2023-02-13,8117.60986328125,8875.0,8900.0,8775.0,8875.0,63775000,0.0056657223796034994,8541.25,,0.014598246715882056
2023-02-14,8186.2099609375,8950.0,8950.0,8825.0,8850.0,81678200,0.008450704225352101,8581.25,,0.014518628350528709
2023-02-15,8117.60986328125,8875.0,8900.0,8750.0,8875.0,38037000,-0.008379888268156388,8608.75,,0.014245468278215368
2023-02-16,7957.54443359375,8700.0,8850.0,8700.0,8825.0,66040400,-0.019718309859154903,8628.75,,0.015099429317672074
2023-02-17,7980.41015625,8725.0,8850.0,8725.0,8775.0,43588900,0.002873563218390718,8648.75,,0.015099196400240128
2023-02-20,8003.27685546875,8750.0,8825.0,8700.0,8725.0,40077000,0.002865329512893977,8671.25,,0.01504443268841597
2023-02-21,7957.54443359375,8700.0,8800.0,8700.0,8775.0,25390500,-0.005714285714285672,8695.0,,0.014925325881133029
2023-02-22,7934.67822265625,8675.0,8750.0,8625.0,8700.0,38671900,-0.002873563218390829,8718.75,,0.014921886275091915
2023-02-23,7980.41015625,8725.0,8750.0,8625.0,8625.0,53412300,0.0057636887608070175,8731.25,,0.013104826797056067
2023-02-24,7934.67822265625,8675.0,8850.0,8675.0,8775.0,44123400,-0.005730659025787954,8730.0,,0.011783274192173539
2023-02-27,8026.14453125,8775.0,8775.0,8650.0,8675.0,59983900,0.011527377521613813,8733.75,,0.012065827272555197
2023-02-28,8003.27685546875,8750.0,8775.0,8675.0,8775.0,106349400,-0.002849002849002802,8747.5,,0.010402303816123136
2023-03-01,7866.0771484375,8600.0,8750.0,8600.0,8725.0,67034700,-0.017142857142857126,8752.5,,0.011209038399640067
2023-03-02,7888.94482421875,8625.0,8700.0,8600.0,8600.0,56672000,0.0029069767441860517,8761.25,,0.011111554494728466
2023-03-03,7751.74560546875,8475.0,8675.0,8475.0,8650.0,95376900,-0.017391304347826098,8750.0,,0.009636817296879811
2023-03-06,7683.14599609375,8400.0,8550.0,8400.0,8550.0,92652000,-0.008849557522123908,8733.75,,0.009727939887582911
2023-03-07,7706.0126953125,8425.0,8475.0,8350.0,8350.0,106115600,0.0029761904761904656,8712.5,,0.009041321222108253
2023-03-08,7843.21142578125,8575.0,8575.0,8400.0,8400.0,79350900,0.017804154302670572,8700.0,,0.010106494887251207
2023-03-09,7843.21142578125,8575.0,8650.0,8550.0,8650.0,54201400,0.0,8683.75,,0.009844228237250657
2023-03-10,7728.87890625,8450.0,8550.0,8450.0,8500.0,59580100,-0.014577259475218707,8665.0,,0.010152958797736615
2023-03-13,7820.34521484375,8550.0,8625.0,8450.0,8450.0,82077700,0.01183431952662728,8648.75,8535.5,0.010490014112130509
2023-03-14,7614.5458984375,8325.0,8475.0,8325.0,8425.0,90495300,-0.02631578947368418,8617.5,8531.0,0.01152913692413967
2023-03-15,7614.5458984375,8325.0,8475.0,8325.0,8450.0,86747400,0.0,8590.0,8526.5,0.011496578149792682
2023-03-16,7591.6796875,8300.0,8350.0,8250.0,8300.0,105894000,-0.0030030030030030463,8570.0,8525.5,0.01081457902858372
2023-03-17,7660.279296875,8375.0,8450.0,8325.0,8375.0,198558600,0.009036144578313143,8552.5,8528.0,0.01105471209799918
2023-03-20,7683.14599609375,8400.0,8475.0,8375.0,8400.0,37277900,0.0029850746268655914,8535.0,8530.0,0.011057510323786346
2023-03-21,7774.6123046875,8500.0,8500.0,8375.0,8400.0,91617400,0.011904761904761862,8525.0,8531.0,0.011439649122126595
2023-03-24,8071.876953125,8825.0,8825.0,8625.0,8700.0,145603600,0.038235294117647145,8532.5,8544.0,0.014411335810884846
2023-03-27,7957.54443359375,8700.0,8825.0,8700.0,8825.0,110692800,-0.014164305949008527,8531.25,8555.5,0.014746432339322503
2023-03-28,7934.67822265625,8675.0,8800.0,8675.0,8800.0,98296600,-0.002873563218390829,8531.25,8565.5,0.014702182508820478
2023-03-29,8209.8955078125,8800.0,8800.0,8625.0,8675.0,101068200,0.014409221902017322,8532.5,8580.5,0.014833586150341265
2023-03-30,8233.220703125,8825.0,8900.0,8800.0,8900.0,118912100,0.0028409090909091717,8536.25,8594.0,0.014825658612251498
2023-03-31,8163.248046875,8750.0,8850.0,8725.0,8825.0,97146900,-0.008498583569405138,8543.75,8602.5,0.014403287019761778
2023-04-03,8209.8955078125,8800.0,8825.0,8750.0,8825.0,60288900,0.005714285714285783,8552.5,8612.5,0.01443686905353137
2023-04-04,8186.57275390625,8775.0,8825.0,8650.0,8825.0,60975800,-0.0028409090909090606,8567.5,8621.5,0.013808768816922654
2023-04-05,8139.923828125,8725.0,8800.0,8725.0,8775.0,36922100,-0.005698005698005715,8583.75,8630.0,0.01369801302641999
2023-04-06,8163.248046875,8750.0,8775.0,8700.0,8700.0,45489400,0.002865329512893977,8600.0,8640.5,0.01369761471319306
2023-04-10,8209.8955078125,8800.0,8800.0,8700.0,8725.0,32996000,0.005714285714285783,8611.25,8652.5,0.013221138029179675
2023-04-11,8233.220703125,8825.0,8825.0,8750.0,8825.0,44554300,0.0028409090909091717,8623.75,8659.5,0.013220810298713668
2023-04-12,8303.189453125,8900.0,8900.0,8825.0,8900.0,91903600,0.008498583569405138,8646.25,8663.5,0.012740197009369458
2023-04-13,8326.5126953125,8925.0,8950.0,8875.0,8950.0,51726500,0.002808988764045006,8665.0,8668.0,0.012557191672410505
2023-04-14,8396.484375,9000.0,9000.0,8950.0,9000.0,110354200,0.008403361344537785,8698.75,8678.5,0.010660904649155624
2023-04-17,8419.8076171875,9025.0,9050.0,8900.0,9025.0,83946900,0.002777777777777768,8733.75,8689.0,0.010624646154735708
2023-04-18,8513.1015625,9125.0,9175.0,9025.0,9050.0,91178700,0.011080332409972193,8775.0,8702.5,0.010595916707093039
2023-04-26,8583.072265625,9200.0,9200.0,9000.0,9125.0,186928200,0.008219178082191858,8816.25,8712.5,0.010580297756374145
2023-04-27,8536.4248046875,9150.0,9175.0,9075.0,9100.0,54842400,-0.005434782608695676,8853.75,8721.0,0.010819497866713098
2023-04-28,8443.130859375,9050.0,9125.0,9050.0,9100.0,145775300,-0.010928961748633892,8881.25,8725.0,0.011178039509947071
2023-05-02,8443.130859375,9050.0,9100.0,8900.0,9100.0,83645900,0.0,8892.5,8729.5,0.007551844839821909
2023-05-03,8326.5126953125,8925.0,9050.0,8875.0,9050.0,83728800,-0.013812154696132617,8903.75,8730.0,0.007514240778906997
2023-05-04,8396.484375,9000.0,9025.0,8875.0,8925.0,67565000,0.008403361344537785,8920.0,8733.5,0.007606769583821465
2023-05-05,8396.484375,9000.0,9050.0,8950.0,9000.0,64815100,0.0,8930.0,8736.0,0.0070158704511804094
2023-05-08,8396.484375,9000.0,9075.0,8950.0,9000.0,84754500,0.0,8938.75,8737.0,0.007008539973418125
2023-05-09,8326.5126953125,8925.0,8975.0,8900.0,8950.0,40929600,-0.008333333333333304,8947.5,8738.0,0.006996833145543607
2023-05-10,8326.5126953125,8925.0,8950.0,8900.0,8925.0,45322600,0.0,8953.75,8742.5,0.0069109358883596705
2023-05-11,8233.220703125,8825.0,8900.0,8800.0,8900.0,81993900,-0.011204481792717047,8956.25,8744.5,0.007375680224698784
2023-05-12,8209.8955078125,8800.0,8875.0,8725.0,8750.0,96525600,-0.0028328611898017497,8960.0,8745.5,0.007280049873349159
2023-05-15,8186.57275390625,8775.0,8875.0,8725.0,8875.0,64830300,-0.0028409090909090606,8961.25,8747.0,0.007292349990552979
2023-05-16,8116.60107421875,8700.0,8825.0,8700.0,8800.0,49497000,-0.008547008547008517,8956.25,8747.5,0.007417649134593538
2023-05-17,8186.57275390625,8775.0,8850.0,8750.0,8775.0,69996100,0.008620689655172376,8953.75,8748.5,0.007664975725666089
2023-05-19,8396.484375,9000.0,9000.0,8825.0,8900.0,123592500,0.02564102564102555,8958.75,8755.0,0.009446829175413821
2023-05-22,8396.484375,9000.0,9075.0,8925.0,9000.0,91000000,0.0,8962.5,8759.5,0.009433145861399967
2023-05-23,8513.1015625,9125.0,9150.0,9025.0,9050.0,102980500,0.01388888888888884,8968.75,8767.0,0.009750648914156296
2023-05-24,8419.8076171875,9025.0,9200.0,9025.0,9200.0,77392900,-0.010958904109588996,8968.75,8775.5,0.010077497370797623
2023-05-25,8443.130859375,9050.0,9150.0,9050.0,9100.0,76325700,0.0027700831024930483,8965.0,8784.0,0.009765157026568749
2023-05-26,8536.4248046875,9150.0,9200.0,9100.0,9175.0,55675900,0.011049723756906049,8962.5,8797.5,0.00991550871890197
2023-05-29,8536.4248046875,9150.0,9250.0,9075.0,9250.0,79148200,0.0,8962.5,8812.5,0.00983942542883014
2023-05-30,8629.720703125,9250.0,9325.0,9150.0,9200.0,97189500,0.010928961748633892,8972.5,8829.0,0.009769939870916606
2023-05-31,8443.130859375,9050.0,9325.0,9050.0,9300.0,722827900,-0.021621621621621623,8972.5,8838.5,0.011018982823645393
2023-06-05,8583.072265625,9200.0,9325.0,9100.0,9150.0,163535600,0.016574585635359185,8986.25,8851.0,0.011100536564226606
2023-06-06,8536.4248046875,9150.0,9200.0,9050.0,9050.0,74872200,-0.005434782608695676,8993.75,8865.0,0.011083902533947018
2023-06-07,8489.7783203125,9100.0,9175.0,9075.0,9125.0,87492200,-0.005464480874316946,8998.75,8876.0,0.01117385269689322
2023-06-08,8513.1015625,9125.0,9125.0,9075.0,9075.0,53188400,0.0027472527472527375,9005.0,8892.0,0.011182818832441727
2023-06-09,8489.7783203125,9100.0,9175.0,9100.0,9175.0,44632400,-0.002739726027397249,9013.75,8907.5,0.011012360830712458
2023-06-12,8536.4248046875,9150.0,9150.0,9100.0,9150.0,38082300,0.005494505494505475,9025.0,8924.5,0.011053801698151898
2023-06-13,8536.4248046875,9150.0,9175.0,9100.0,9175.0,45552600,0.0,9041.25,8940.0,0.010663552130217186
2023-06-14,8466.455078125,9075.0,9125.0,9050.0,9100.0,72223700,-0.008196721311475419,9055.0,8953.5,0.010853648767728673
2023-06-15,8443.130859375,9050.0,9100.0,9050.0,9100.0,59073000,-0.0027548209366391463,9068.75,8964.5,0.010851813630888944
2023-06-16,8443.130859375,9050.0,9100.0,8975.0,9100.0,112769400,0.0,9086.25,8969.0,0.010596481492280848
2023-06-19,8396.484375,9000.0,9050.0,9000.0,9000.0,32330600,-0.0055248618784530246,9097.5,8975.0,0.010605308040712275
2023-06-20,8443.130859375,9050.0,9050.0,8950.0,9025.0,54990100,0.005555555555555536,9100.0,8982.5,0.00901236915811701
2023-06-21,8513.1015625,9125.0,9125.0,9000.0,9050.0,42676300,0.008287292817679592,9106.25,8989.0,0.009185933536530196
2023-06-22,8443.130859375,9050.0,9150.0,9050.0,9125.0,48291100,-0.008219178082191747,9102.5,8993.5,0.008842901646305856
2023-06-23,8443.130859375,9050.0,9150.0,9025.0,9025.0,47813500,0.0,9103.75,8999.5,0.008484865230937092
2023-06-26,8466.455078125,9075.0,9125.0,9025.0,9025.0,36389900,0.0027624309392264568,9105.0,9005.0,0.008484742109024746
2023-06-27,8536.4248046875,9150.0,9150.0,9050.0,9050.0,36225100,0.008264462809917328,9105.0,9012.5,0.008318028824507015
2023-07-03,8466.455078125,9075.0,9075.0,9025.0,9025.0,108855900,-0.008196721311475419,9101.25,9019.5,0.008519233471271242
2023-07-04,8443.130859375,9050.0,9150.0,9050.0,9150.0,35049300,-0.0027548209366391463,9091.25,9025.5,0.008102758869411864
2023-07-05,8443.130859375,9050.0,9075.0,9025.0,9050.0,44609200,0.0,9091.25,9030.5,0.006498804443716429
2023-07-06,8466.455078125,9075.0,9100.0,9025.0,9050.0,52532400,0.0027624309392264568,9085.0,9035.5,0.0052634915725742835
2023-07-07,8419.8076171875,9025.0,9100.0,9025.0,9025.0,37641300,-0.0055096418732781816,9078.75,9038.0,0.00526708316321436
2023-07-10,8443.130859375,9050.0,9100.0,9050.0,9100.0,28981500,0.0027700831024930483,9076.25,9040.5,0.0051942758669239275
2023-07-11,8419.8076171875,9025.0,9100.0,9025.0,9100.0,43703500,-0.002762430939226568,9071.25,9041.0,0.005172301640593868
2023-07-12,8559.7490234375,9175.0,9175.0,9050.0,9075.0,61566500,0.016620498614958512,9075.0,9044.0,0.006403663130354876
2023-07-13,8513.1015625,9125.0,9225.0,9125.0,9200.0,65230900,-0.00544959128065392,9073.75,9044.0,0.006415690976445983
2023-07-14,8583.072265625,9200.0,9200.0,9125.0,9175.0,55554500,0.008219178082191858,9076.25,9044.0,0.006681341317683268
2023-07-17,8559.7490234375,9175.0,9250.0,9175.0,9200.0,62550100,-0.0027173913043477826,9081.25,9044.5,0.0064221854251074375
2023-07-18,8536.4248046875,9150.0,9250.0,9100.0,9200.0,52924600,-0.0027247956403270157,9086.25,9046.5,0.006421371343645891
2023-07-20,8536.4248046875,9150.0,9225.0,9125.0,9200.0,83476600,0.0,9091.25,9048.5,0.006421371343645891
2023-07-21,8536.4248046875,9150.0,9175.0,9125.0,9150.0,42667800,0.0,9098.75,9053.0,0.006262281454078862
2023-07-24,8489.7783203125,9100.0,9200.0,9100.0,9200.0,62061200,-0.005464480874316946,9101.25,9055.0,0.006310657146112088
2023-07-25,8536.4248046875,9150.0,9300.0,9150.0,9175.0,122802700,0.005494505494505475,9102.5,9058.0,0.006153424672111671
2023-07-26,8723.0126953125,9350.0,9350.0,9125.0,9175.0,113868700,0.021857923497267784,9117.5,9065.0,0.007522257938633434
2023-07-27,8606.3955078125,9225.0,9400.0,9225.0,9400.0,77848400,-0.013368983957219305,9126.25,9071.0,0.008237409155307856
2023-07-28,8513.1015625,9125.0,9225.0,9125.0,9200.0,74510200,-0.010840108401083959,9128.75,9075.0,0.008635317303577692
2023-07-31,8513.1015625,9125.0,9200.0,9100.0,9175.0,80868000,0.0,9127.5,9081.0,0.008429937390510645
2023-08-01,8513.1015625,9125.0,9175.0,9100.0,9175.0,49756400,0.0,9130.0,9087.5,0.008212184718007524
2023-08-02,8583.072265625,9200.0,9200.0,9125.0,9125.0,60629900,0.008219178082191858,9137.5,9096.0,0.008362114845322727
2023-08-03,8629.720703125,9250.0,9300.0,9150.0,9150.0,64596100,0.005434782608695565,9147.5,9107.0,0.008420955708362824
2023-08-04,8536.4248046875,9150.0,9275.0,9125.0,9250.0,52675900,-0.010810810810810811,9151.25,9114.5,0.008819726762360466
2023-08-07,8653.0439453125,9275.0,9275.0,9150.0,9150.0,55589300,0.013661202185792254,9163.75,9120.0,0.009172808795370106
2023-08-08,8583.072265625,9200.0,9300.0,9200.0,9275.0,43373400,-0.008086253369272267,9171.25,9124.0,0.009406150050796758
2023-08-09,8769.66015625,9400.0,9400.0,9250.0,9275.0,77056800,0.021739130434782705,9190.0,9129.5,0.010446946988823199
2023-08-10,8769.66015625,9400.0,9425.0,9350.0,9400.0,76738100,0.0,9201.25,9137.0,0.009875619546716192
2023-08-11,8769.66015625,9400.0,9450.0,9375.0,9425.0,68898600,0.0,9215.0,9144.0,0.009755250540656664
2023-08-14,8723.0126953125,9350.0,9350.0,9225.0,9325.0,75495400,-0.005319148936170248,9222.5,9148.0,0.009736400703909784
2023-08-15,8676.3671875,9300.0,9375.0,9300.0,9325.0,59303700,-0.005347593582887722,9228.75,9151.0,0.00980469845070364
2023-08-16,8676.3671875,9300.0,9325.0,9250.0,9275.0,53440000,0.0,9236.25,9152.0,0.009773160189852404
2023-08-18,8629.720703125,9250.0,9350.0,9250.0,9250.0,79328900,-0.005376344086021501,9241.25,9156.0,0.009871461239378553
2023-08-21,8559.7490234375,9175.0,9250.0,9175.0,9225.0,73573000,-0.008108108108108136,9242.5,9155.5,0.010061613948568039
2023-08-22,8676.3671875,9300.0,9325.0,9150.0,9150.0,65664600,0.013623978201634968,9252.5,9158.5,0.010397330906316728
2023-08-23,8676.3671875,9300.0,9325.0,9275.0,9300.0,63749800,0.0,9260.0,9162.5,0.01034865632933997
2023-08-24,8583.072265625,9200.0,9325.0,9200.0,9250.0,53725900,-0.010752688172043001,9252.5,9164.0,0.009391556450413296
2023-08-25,8653.0439453125,9275.0,9275.0,9175.0,9200.0,50379000,0.008152173913043459,9255.0,9167.5,0.009100003626616468
2023-08-28,8583.072265625,9200.0,9250.0,9200.0,9250.0,44423100,-0.008086253369272267,9258.75,9168.5,0.008941880007622855
2023-08-29,8629.720703125,9250.0,9300.0,9200.0,9275.0,45428500,0.005434782608695565,9265.0,9170.5,0.009009897198469641
2023-08-30,8583.072265625,9200.0,9300.0,9200.0,9300.0,56227000,-0.00540540540540535,9268.75,9173.0,0.00911307937163516
2023-08-31,8559.7490234375,9175.0,9225.0,9100.0,9200.0,136107200,-0.0027173913043477826,9267.5,9175.5,0.008948913392488286
2023-09-01,8606.3955078125,9225.0,9275.0,9175.0,9200.0,42152700,0.005449591280654031,9266.25,9179.0,0.008949395885878498
2023-09-04,8606.3955078125,9225.0,9275.0,9175.0,9225.0,40610600,0.0,9270.0,9183.5,0.008587420152369128
2023-09-05,8606.3955078125,9225.0,9250.0,9200.0,9250.0,42007200,0.0,9267.5,9187.0,0.00800420335251917
2023-09-06,8536.4248046875,9150.0,9250.0,9150.0,9200.0,49318400,-0.008130081300813052,9265.0,9187.5,0.008006470251502586
2023-09-07,8559.7490234375,9175.0,9175.0,9100.0,9125.0,61405200,0.002732240437158362,9253.75,9190.0,0.00617965374311154
2023-09-08,8513.1015625,9125.0,9150.0,9050.0,9100.0,80732300,-0.00544959128065392,9240.0,9191.5,0.0062441131009089825
2023-09-11,8513.1015625,9125.0,9125.0,9075.0,9075.0,53155900,0.0,9226.25,9192.5,0.0062441131009089825
2023-09-12,8489.7783203125,9100.0,9125.0,9075.0,9100.0,66479000,-0.002739726027397249,9213.75,9191.5,0.006186691019803392
2023-09-13,8466.455078125,9075.0,9075.0,9000.0,9050.0,69490200,-0.0027472527472527375,9202.5,9191.5,0.0061249641913461335
2023-09-14,8489.7783203125,9100.0,9125.0,9000.0,9000.0,112757900,0.0027548209366390353,9192.5,9192.5,0.006184202181845935
2023-09-15,8396.484375,9000.0,9100.0,9000.0,9050.0,121005300,-0.01098901098901095,9180.0,9191.5,0.006508817321435087
2023-09-18,8396.484375,9000.0,9075.0,9000.0,9050.0,34272200,0.0,9171.25,9190.0,0.00631528995821278
2023-09-19,8466.455078125,9075.0,9075.0,8975.0,9000.0,33325800,0.008333333333333304,9160.0,9191.0,0.005759311115934909
2023-09-20,8536.4248046875,9150.0,9175.0,9075.0,9125.0,54305500,0.008264462809917328,9152.5,9193.0,0.006134789599038573
2023-09-21,8513.1015625,9125.0,9150.0,9075.0,9125.0,40607000,-0.002732240437158473,9148.75,9195.0,0.00569605117503592
2023-09-22,8466.455078125,9075.0,9150.0,9075.0,9125.0,42445300,-0.005479452054794498,9138.75,9193.0,0.0054289415607541806
2023-09-25,8396.484375,9000.0,9075.0,9000.0,9075.0,56132200,-0.008264462809917328,9128.75,9190.5,0.005441186542665978
2023-09-26,8349.8369140625,8950.0,9025.0,8950.0,9000.0,73544700,-0.005555555555555536,9113.75,9185.5,0.005301333985765353
2023-09-27,8279.865234375,8875.0,9000.0,8875.0,8900.0,84345000,-0.008379888268156388,9097.5,9179.5,0.005452286356105946
2023-09-29,8233.220703125,8825.0,8900.0,8825.0,8825.0,118960000,-0.005633802816901401,9080.0,9173.0,0.005517218421085846
2023-10-02,8466.455078125,9075.0,9100.0,8875.0,8900.0,93663000,0.028328611898017053,9072.5,9171.5,0.0086244165319924
2023-10-03,8583.072265625,9200.0,9200.0,9025.0,9075.0,98380200,0.01377410468319562,9071.25,9172.5,0.009219768718018863
2023-10-04,8583.072265625,9200.0,9250.0,9125.0,9200.0,112582800,0.0,9070.0,9174.5,0.009219768718018863
2023-10-05,8466.455078125,9075.0,9200.0,9075.0,9200.0,72855700,-0.013586956521739135,9066.25,9173.0,0.009545052983085865
2023-10-06,8419.8076171875,9025.0,9100.0,9025.0,9100.0,53344400,-0.0055096418732781816,9058.75,9166.5,0.009581980645387827
2023-10-09,8443.130859375,9050.0,9125.0,9025.0,9025.0,43774500,0.0027700831024930483,9055.0,9163.0,0.009547395982451173
2023-10-10,8326.5126953125,8925.0,9000.0,8925.0,9000.0,71966100,-0.013812154696132617,9045.0,9159.0,0.010007704218295962
2023-10-11,8326.5126953125,8925.0,9025.0,8925.0,8925.0,84305800,0.0,9036.25,9155.0,0.010002254592120719
2023-10-12,8443.130859375,9050.0,9100.0,9000.0,9000.0,71064500,0.014005602240896309,9035.0,9153.5,0.01052907648432703
2023-10-13,8466.455078125,9075.0,9125.0,9025.0,9100.0,62941800,0.0027624309392264568,9033.75,9151.0,0.01052918467127173
2023-10-16,8489.7783203125,9100.0,9125.0,9050.0,9125.0,29429200,0.0027548209366390353,9038.75,9148.0,0.01022417049548646
2023-10-17,8349.8369140625,8950.0,9075.0,8950.0,9050.0,59606000,-0.016483516483516536,9036.25,9144.0,0.010916201324019591
2023-10-18,8256.5419921875,8850.0,8950.0,8850.0,8925.0,50919200,-0.011173184357541888,9025.0,9135.5,0.010982778000438821
2023-10-19,8163.248046875,8750.0,8850.0,8750.0,8825.0,89509700,-0.011299435028248594,9005.0,9126.5,0.010966908213275986
2023-10-20,8373.1611328125,8975.0,9025.0,8725.0,8725.0,64554500,0.0257142857142858,8997.5,9118.0,0.012612173682859861
2023-10-23,8256.5419921875,8850.0,8925.0,8850.0,8875.0,50633500,-0.013927576601671321,8986.25,9107.0,0.012916587259233444
2023-10-24,8186.57275390625,8775.0,8875.0,8775.0,8775.0,76963200,-0.008474576271186418,8975.0,9094.5,0.012922740226713188
2023-10-25,8279.865234375,8875.0,8925.0,8825.0,8825.0,54748400,0.01139601139601143,8971.25,9085.0,0.01317454495522245
2023-10-26,8139.923828125,8725.0,8950.0,8725.0,8925.0,63199400,-0.016901408450704203,8963.75,9073.5,0.013579851912852405
2023-10-27,8116.60107421875,8700.0,8800.0,8700.0,8725.0,52450700,-0.002865329512893977,8957.5,9061.5,0.013541664903407429
2023-10-30,8256.5419921875,8850.0,8850.0,8700.0,8700.0,51958200,0.01724137931034475,8946.25,9053.5,0.0124791948028698
2023-10-31,8163.248046875,8750.0,8825.0,8725.0,8800.0,64907600,-0.011299435028248594,8923.75,9045.0,0.012152932481108348
2023-11-01,8023.3076171875,8600.0,8775.0,8600.0,8750.0,67027600,-0.017142857142857126,8893.75,9031.0,0.012569593825716091
2023-11-02,8256.5419921875,8850.0,8900.0,8725.0,8725.0,56050900,0.029069767441860517,8882.5,9022.0,0.01423890280952596
2023-11-03,8303.189453125,8900.0,8950.0,8850.0,8925.0,60414100,0.005649717514124353,8876.25,9016.0,0.014278026583811058
2023-11-06,8443.130859375,9050.0,9050.0,8950.0,8975.0,84994200,0.016853932584269593,8876.25,9011.5,0.01479111581685705
2023-11-07,8373.1611328125,8975.0,9025.0,8900.0,9000.0,60648200,-0.008287292817679592,8878.75,9007.0,0.014567446822154037
2023-11-08,8396.484375,9000.0,9000.0,8900.0,8950.0,31829300,0.0027855153203342198,8882.5,9002.0,0.014576938594098945
2023-11-09,8396.484375,9000.0,9050.0,8900.0,8900.0,46076800,0.0,8880.0,8998.0,0.014227155474058005
2023-11-10,8233.220703125,8825.0,9000.0,8825.0,8950.0,50754600,-0.019444444444444486,8867.5,8991.0,0.014838731954615944
2023-11-13,8279.865234375,8875.0,8925.0,8850.0,8875.0,20827700,0.0056657223796034994,8856.25,8984.0,0.014894681093429238
2023-11-14,8326.5126953125,8925.0,8950.0,8875.0,8900.0,37195700,0.005633802816901401,8855.0,8978.0,0.014512159188874826
2023-11-15,8443.130859375,9050.0,9050.0,8950.0,8975.0,84977900,0.014005602240896309,8865.0,8974.5,0.014587483306922831
2023-11-16,8466.455078125,9075.0,9075.0,8950.0,9050.0,48714300,0.0027624309392264568,8881.25,8973.0,0.014288184633145256
2023-11-17,8466.455078125,9075.0,9075.0,8975.0,9025.0,57050500,0.0,8886.25,8971.0,0.013145821751864874
2023-11-20,8279.865234375,8875.0,9025.0,8875.0,8975.0,49216000,-0.02203856749311295,8887.5,8966.0,0.013730851892194064
2023-11-21,8186.57275390625,8775.0,8900.0,8775.0,8825.0,107614800,-0.011267605633802802,8887.5,8959.0,0.013837834485073239
2023-11-22,8279.865234375,8875.0,8875.0,8775.0,8775.0,40364800,0.01139601139601143,8887.5,8954.5,0.013837834485073239
2023-11-23,8326.5126953125,8925.0,8975.0,8850.0,8850.0,55542100,0.005633802816901401,8897.5,8951.5,0.013287951457562284
2023-11-24,8326.5126953125,8925.0,8975.0,8900.0,8925.0,43631900,0.0,8908.75,8948.0,0.013257024179406465
2023-11-27,8279.865234375,8875.0,8950.0,8875.0,8900.0,35679000,-0.0056022408963585235,8910.0,8945.5,0.012792736606414655
2023-11-28,8279.865234375,8875.0,8950.0,8850.0,8875.0,69070600,0.0,8916.25,8943.0,0.012503525349704775
2023-11-29,8303.189453125,8900.0,8950.0,8900.0,8900.0,54715600,0.0028169014084507005,8931.25,8939.5,0.011772579736227234
2023-11-30,8373.1611328125,8975.0,8975.0,8900.0,8925.0,205312100,0.008426966292134797,8937.5,8936.0,0.010030195902808814
2023-12-01,8349.8369140625,8950.0,8975.0,8900.0,8925.0,80566400,-0.0027855153203342198,8940.0,8932.5,0.009990570622021891
2023-12-04,8366.2412109375,8925.0,9025.0,8925.0,8950.0,54747400,-0.0027932960893854997,8933.75,8929.5,0.00921595900224638
2023-12-05,8342.8056640625,8900.0,8950.0,8825.0,8950.0,94363900,-0.0028011204481792618,8930.0,8927.5,0.009057096275479678
2023-12-06,8249.0673828125,8800.0,8950.0,8800.0,8850.0,81852800,-0.011235955056179803,8920.0,8924.5,0.00933747851608159
2023-12-07,8272.5029296875,8825.0,8825.0,8725.0,8750.0,91322500,0.0028409090909091717,8911.25,8923.5,0.009376322361616242
2023-12-08,8202.197265625,8750.0,8850.0,8750.0,8800.0,43891600,-0.008498583569405138,8907.5,8922.0,0.008519653611633675
2023-12-11,8202.197265625,8750.0,8775.0,8675.0,8675.0,78642800,0.0,8901.25,8915.5,0.008400995185872229
2023-12-12,8155.32666015625,8700.0,8750.0,8700.0,8700.0,87589300,-0.005714285714285672,8890.0,8905.5,0.008335418424681206
2023-12-13,8131.89208984375,8675.0,8750.0,8675.0,8700.0,51560500,-0.002873563218390829,8871.25,8895.0,0.007525422060515572
2023-12-14,8483.416015625,9050.0,9050.0,8750.0,8775.0,115332800,0.043227665706051965,8870.0,8894.5,0.012615805263301392
2023-12-15,8647.458984375,9225.0,9225.0,9075.0,9125.0,275013500,0.01933701657458564,8877.5,8898.5,0.013341051330481093
2023-12-18,8624.0244140625,9200.0,9225.0,9150.0,9200.0,111712200,-0.0027100271002710175,8893.75,8901.5,0.012246872161953418
2023-12-19,8670.89453125,9250.0,9250.0,9125.0,9125.0,65174500,0.005434782608695565,8917.5,8908.0,0.011867467824133936
2023-12-20,8717.763671875,9300.0,9300.0,9225.0,9250.0,72938100,0.00540540540540535,8938.75,8915.5,0.011711134787995384
2023-12-21,8741.1982421875,9325.0,9325.0,9250.0,9300.0,88116700,0.0026881720430107503,8958.75,8921.0,0.01168689476279094
2023-12-22,8741.1982421875,9325.0,9350.0,9275.0,9275.0,64449600,0.0,8978.75,8926.0,0.01168689476279094
2023-12-27,8788.068359375,9375.0,9400.0,9325.0,9375.0,64464700,0.00536193029490617,9003.75,8931.5,0.011555184471543252
2023-12-28,8811.5029296875,9400.0,9425.0,9325.0,9325.0,70184600,0.002666666666666595,9030.0,8940.5,0.01153646786081787
2023-12-29,8811.5029296875,9400.0,9450.0,9350.0,9425.0,79903400,0.0,9055.0,8951.5,0.011555226096963715
2024-01-02,8834.9384765625,9425.0,9425.0,9350.0,9400.0,30545200,0.0026595744680850686,9077.5,8965.0,0.011479094073296784
2024-01-03,8764.6328125,9350.0,9425.0,9325.0,9425.0,34603300,-0.007957559681697646,9097.5,8972.5,0.0116614914897257
2024-01-04,8881.8076171875,9475.0,9475.0,9375.0,9400.0,56501800,0.013368983957219305,9125.0,8985.0,0.011851920368559442
2024-01-05,8975.546875,9575.0,9600.0,9475.0,9500.0,85290100,0.01055408970976246,9158.75,9001.0,0.011880507834529661
2024-01-08,8975.546875,9575.0,9625.0,9475.0,9600.0,50896000,0.0,9197.5,9015.0,0.011391256870782598
2024-01-09,9022.416015625,9625.0,9625.0,9575.0,9600.0,59848600,0.005221932114882533,9237.5,9033.0,0.011387761664953628
2024-01-10,8952.1123046875,9550.0,9650.0,9550.0,9650.0,52774900,-0.007792207792207795,9277.5,9050.0,0.011346644668945452
2024-01-11,8975.546875,9575.0,9650.0,9575.0,9625.0,39381500,0.002617801047120505,9318.75,9064.5,0.011307715472389927
2024-01-12,9092.7216796875,9700.0,9700.0,9600.0,9650.0,68253400,0.01305483028720622,9368.75,9083.5,0.011187058054039191
2024-01-15,9116.15625,9725.0,9750.0,9650.0,9750.0,88399500,0.002577319587628857,9421.25,9106.0,0.011037377326406896
2024-01-16,9092.7216796875,9700.0,9750.0,9675.0,9700.0,44869200,-0.0025706940874036244,9453.75,9123.0,0.006796729810048426
2024-01-17,9139.5908203125,9750.0,9750.0,9650.0,9750.0,107706100,0.005154639175257714,9480.0,9140.0,0.005709957409883645
2024-01-18,9069.2861328125,9675.0,9750.0,9625.0,9675.0,71048900,-0.007692307692307665,9503.75,9152.5,0.006060327907947784
2024-01-19,9022.416015625,9625.0,9775.0,9600.0,9775.0,63176500,-0.0051679586563307955,9522.5,9165.5,0.006254204538076323
2024-01-22,9022.416015625,9625.0,9650.0,9525.0,9600.0,52868300,0.0,9538.75,9178.0,0.006216320293493969
2024-01-23,8998.982421875,9600.0,9600.0,9450.0,9450.0,92348600,-0.0025974025974025983,9552.5,9190.0,0.006285732922295877
2024-01-24,8928.6767578125,9525.0,9600.0,9475.0,9600.0,84906000,-0.0078125,9562.5,9204.0,0.0066161567343126955
2024-01-25,8905.2421875,9500.0,9575.0,9450.0,9450.0,63212700,-0.002624671916010457,9568.75,9216.5,0.006585211067336774
2024-01-26,8764.6328125,9350.0,9450.0,9300.0,9400.0,78977300,-0.015789473684210575,9566.25,9225.0,0.007519490736793682
2024-01-29,8952.1123046875,9550.0,9550.0,9375.0,9400.0,73452800,0.021390374331550888,9573.75,9235.0,0.008942037818056909
2024-01-30,9045.8515625,9650.0,9650.0,9475.0,9500.0,73136400,0.010471204188481575,9585.0,9246.5,0.009193244804218306
2024-01-31,8952.1123046875,9550.0,9700.0,9550.0,9700.0,102581200,-0.010362694300518172,9595.0,9256.0,0.009334268390613442
2024-02-01,9092.7216796875,9700.0,9725.0,9575.0,9650.0,104208700,0.015706806282722585,9606.25,9272.5,0.009508998557391695
2024-02-02,9092.7216796875,9700.0,9800.0,9625.0,9775.0,99324000,0.0,9612.5,9291.0,0.009252963841958268
2024-02-05,8975.546875,9575.0,9675.0,9525.0,9675.0,57983300,-0.012886597938144284,9612.5,9305.0,0.009739379678518352
2024-02-06,9022.416015625,9625.0,9750.0,9625.0,9750.0,87651000,0.005221932114882533,9612.5,9319.0,0.009739379678518352
2024-02-07,9092.7216796875,9700.0,9725.0,9650.0,9700.0,92953500,0.007792207792207684,9620.0,9334.5,0.009702715333847292
2024-02-12,9186.4599609375,9800.0,9800.0,9700.0,9750.0,87949400,0.010309278350515427,9631.25,9353.0,0.009927377588337255
2024-02-13,9116.15625,9725.0,9800.0,9700.0,9750.0,66072400,-0.007653061224489832,9632.5,9370.0,0.009704213581888143
2024-02-15,9233.330078125,9850.0,9975.0,9850.0,9950.0,164748900,0.01285347043701801,9638.75,9389.0,0.010102085509465198
2024-02-16,9327.0693359375,9950.0,10000.0,9875.0,9975.0,142277200,0.010152284263959421,9651.25,9408.5,0.010285074987834725
2024-02-19,9256.765625,9875.0,9975.0,9825.0,9900.0,53341300,-0.007537688442211032,9657.5,9427.0,0.010426825681312063
2024-02-20,9397.3740234375,10025.0,10025.0,9850.0,9850.0,63997700,0.0151898734177216,9675.0,9449.0,0.01071034924855196
2024-02-21,9350.50390625,9975.0,10000.0,9850.0,9950.0,75371600,-0.004987531172069848,9692.5,9470.5,0.0107042163814194
2024-02-22,9256.765625,9875.0,9975.0,9875.0,9975.0,66913000,-0.010025062656641603,9705.0,9492.0,0.011024923047590111
2024-02-23,9209.8955078125,9825.0,9925.0,9800.0,9900.0,55192300,-0.005063291139240533,9716.25,9512.0,0.011084904989590234
2024-02-26,9186.4599609375,9800.0,9875.0,9725.0,9750.0,41356000,-0.0025445292620864812,9730.0,9533.0,0.010920416299032964
2024-02-27,9256.765625,9875.0,9900.0,9750.0,9750.0,43735800,0.007653061224489832,9748.75,9555.5,0.010958817474617752
2024-02-28,9373.939453125,10000.0,10000.0,9900.0,9975.0,54043100,0.012658227848101333,9781.25,9581.5,0.01035882058280938
2024-02-29,9256.765625,9875.0,10000.0,9850.0,10000.0,126671200,-0.012499999999999956,9797.5,9605.5,0.010030671544439592
2024-03-01,9209.8955078125,9825.0,9925.0,9800.0,9900.0,51520600,-0.005063291139240533,9806.25,9621.0,0.009918379780824474
2024-03-04,9139.5908203125,9750.0,9825.0,9750.0,9800.0,43822900,-0.007633587786259555,9816.25,9631.5,0.009772310650266664
2024-03-05,9186.4599609375,9800.0,9900.0,9775.0,9900.0,61952900,0.00512820512820511,9821.25,9643.5,0.009209140699817715
2024-03-06,9327.0693359375,9950.0,10000.0,9775.0,9900.0,70242200,0.015306122448979664,9833.75,9657.5,0.009779102721776173
2024-03-07,9491.1123046875,10125.0,10175.0,10000.0,10050.0,118369300,0.017587939698492372,9861.25,9674.0,0.009823337066787062
2024-03-08,9514.5478515625,10150.0,10300.0,10125.0,10250.0,100947200,0.0024691358024691024,9887.5,9690.5,0.009807511576488712
2024-03-13,9373.939453125,10000.0,10400.0,10000.0,10400.0,141622600,-0.014778325123152691,9902.5,9704.0,0.01046763261717898
2024-03-14,9678.5927734375,10325.0,10325.0,10025.0,10050.0,110681100,0.03249999999999997,9928.75,9723.0,0.012433517534824268
2024-03-15,9514.5478515625,10150.0,10300.0,10050.0,10200.0,154176800,-0.016949152542372836,9950.0,9738.0,0.013001152760555688
2024-03-18,9514.5478515625,10150.0,10275.0,10150.0,10175.0,62444100,0.0,9965.0,9753.0,0.012763407805151556
2024-03-19,9537.9833984375,10175.0,10250.0,10150.0,10150.0,55004800,0.0024630541871921707,9976.25,9768.0,0.01260638433219975
2024-03-20,9491.1123046875,10125.0,10150.0,10075.0,10100.0,66269700,-0.004914004914004955,9988.75,9783.5,0.012524125229199387
2024-03-21,9491.1123046875,10125.0,10225.0,10050.0,10175.0,90279400,0.0,9993.75,9796.5,0.012092189836663284
2024-03-22,9467.6787109375,10100.0,10125.0,9950.0,10000.0,91968200,-0.0024691358024691024,10000.0,9807.0,0.012044340344366798
2024-03-25,9661.8759765625,10075.0,10075.0,9925.0,10075.0,66971000,-0.0024752475247524774,10010.0,9817.0,0.011806763539283503
2024-03-26,9637.9013671875,10050.0,10050.0,9950.0,10050.0,65742700,-0.002481389578163795,10021.25,9825.5,0.011750166505263084
2024-03-27,9661.8759765625,10075.0,10075.0,10000.0,10025.0,39514100,0.0024875621890547706,10035.0,9836.0,0.011719649853983185
2024-03-28,9661.8759765625,10075.0,10100.0,9975.0,10025.0,79229700,0.0,10045.0,9846.0,0.011631041588702607
2024-04-01,9446.1015625,9850.0,10100.0,9825.0,10075.0,79248700,-0.022332506203473934,10037.5,9849.0,0.012401805032279787
2024-04-02,9494.0517578125,9900.0,9950.0,9800.0,9925.0,76763100,0.0050761421319796,10038.75,9852.5,0.012140322829472845
2024-04-03,9134.427734375,9525.0,9800.0,9525.0,9750.0,177418400,-0.037878787878787845,10023.75,9849.0,0.014812073326270667
2024-04-04,9446.1015625,9850.0,9850.0,9575.0,9575.0,75993500,0.034120734908136496,10028.75,9851.0,0.016714285352484332
2024-04-05,9422.126953125,9825.0,9950.0,9825.0,9950.0,70428600,-0.0025380710659898,10030.0,9854.0,0.016693905579669936
2024-04-16,9086.478515625,9475.0,9575.0,9250.0,9350.0,283265900,-0.03562340966921118,10006.25,9851.0,0.018102857314053908
2024-04-17,9134.427734375,9525.0,9675.0,9525.0,9550.0,95620700,0.005277044854881341,9976.25,9849.0,0.01759363617472532
2024-04-18,9086.478515625,9475.0,9575.0,9450.0,9525.0,127134000,-0.005249343832021025,9942.5,9846.5,0.017554219636592816
2024-04-19,9086.478515625,9475.0,9500.0,9300.0,9350.0,147784300,0.0,9916.25,9845.5,0.017355012150950026
2024-04-22,8966.603515625,9350.0,9425.0,9350.0,9400.0,128908000,-0.01319261213720313,9867.5,9842.5,0.01539508820728606
2024-04-23,9326.2275390625,9725.0,9775.0,9400.0,9400.0,178833000,0.04010695187165769,9846.25,9850.0,0.018083582775882553
2024-04-24,9542.0009765625,9950.0,9950.0,9750.0,9825.0,132832700,0.023136246786632286,9836.25,9858.0,0.018936872646818474
2024-04-25,9374.1767578125,9775.0,10000.0,9700.0,10000.0,104874100,-0.017587939698492483,9816.25,9860.5,0.01928130676465937
2024-04-26,9230.3271484375,9625.0,9825.0,9625.0,9700.0,100932900,-0.01534526854219953,9791.25,9862.0,0.019508949057590975
2024-04-29,9398.1513671875,9800.0,9850.0,9525.0,9525.0,90063500,0.018181818181818077,9775.0,9864.0,0.02004052551439661
2024-04-30,9398.1513671875,9800.0,10050.0,9800.0,10050.0,109623000,0.0,9760.0,9866.0,0.02004145320541812
2024-05-02,9158.4033203125,9550.0,9900.0,9500.0,9900.0,97079400,-0.025510204081632626,9733.75,9865.5,0.02076057335432998
2024-05-03,9446.1015625,9850.0,9850.0,9675.0,9750.0,81200400,0.03141361256544495,9723.75,9870.0,0.022099682097508004
2024-05-06,9398.1513671875,9800.0,9875.0,9775.0,9850.0,53076200,-0.005076142131979711,9710.0,9872.0,0.02210566705503311
2024-05-07,9302.2529296875,9700.0,9750.0,9625.0,9700.0,66746800,-0.010204081632653073,9691.25,9870.0,0.022195276116224835
2024-05-08,8990.5791015625,9375.0,9700.0,9375.0,9600.0,112808900,-0.03350515463917525,9667.5,9863.0,0.02287318180339086
2024-05-13,9134.427734375,9525.0,9525.0,9200.0,9200.0,145469900,0.016000000000000014,9648.75,9856.5,0.0231848782035635
2024-05-14,9158.4033203125,9550.0,9675.0,9525.0,9625.0,95363500,0.002624671916010568,9650.0,9848.5,0.021568588910359298
2024-05-15,9110.453125,9500.0,9600.0,9425.0,9500.0,54741900,-0.005235602094240788,9632.5,9841.0,0.020068672146719622
2024-05-16,9206.353515625,9600.0,9675.0,9525.0,9575.0,61126000,0.010526315789473717,9621.25,9832.5,0.02024890109680909
2024-05-17,9350.2021484375,9750.0,9850.0,9575.0,9600.0,99848500,0.015625,9635.0,9828.0,0.018824473931076335
2024-05-20,9086.478515625,9475.0,9800.0,9475.0,9700.0,87890100,-0.028205128205128216,9632.5,9820.0,0.019936185818749893
2024-05-21,8990.5791015625,9375.0,9575.0,9375.0,9450.0,75311400,-0.01055408970976257,9627.5,9811.0,0.020043650696153104
2024-05-22,9038.529296875,9425.0,9575.0,9325.0,9475.0,121712700,0.005333333333333412,9625.0,9803.5,0.020083851167507903
2024-05-27,8918.654296875,9300.0,9375.0,9275.0,9300.0,128578500,-0.01326259946949604,9622.5,9792.0,0.020086263288993763
2024-05-28,8918.654296875,9300.0,9400.0,9300.0,9300.0,73945700,0.0,9601.25,9778.0,0.01772678025579251
2024-05-29,8774.8046875,9150.0,9325.0,9150.0,9275.0,117351600,-0.016129032258064502,9561.25,9763.5,0.0169438493734794
2024-05-30,8630.9560546875,9000.0,9250.0,8775.0,9000.0,207115100,-0.016393442622950838,9522.5,9747.0,0.016895638384089435
2024-05-31,8870.705078125,9250.0,9250.0,9025.0,9100.0,756431600,0.02777777777777768,9503.75,9737.0,0.018079789233178243
2024-06-03,8894.6806640625,9275.0,9350.0,9225.0,9350.0,72197700,0.002702702702702675,9477.5,9726.5,0.017500075321100764
2024-06-04,8966.603515625,9350.0,9525.0,9350.0,9525.0,75353100,0.008086253369272267,9455.0,9714.5,0.01765610822709112
2024-06-05,9062.50390625,9450.0,9500.0,9300.0,9500.0,82087300,0.010695187165775444,9450.0,9701.0,0.016983509554700748
2024-06-06,9086.478515625,9475.0,9525.0,9450.0,9525.0,44991300,0.002645502645502562,9431.25,9687.5,0.015281176878549524
2024-06-07,8942.62890625,9325.0,9500.0,9325.0,9500.0,51599800,-0.0158311345646438,9407.5,9674.0,0.015587679285003429
2024-06-10,9134.427734375,9525.0,9525.0,9450.0,9500.0,45584700,0.02144772117962468,9398.75,9658.0,0.01633860936784807
2024-06-11,8918.654296875,9300.0,9550.0,9300.0,9550.0,68690900,-0.023622047244094446,9395.0,9641.0,0.015420498428910178
2024-06-12,8870.705078125,9250.0,9325.0,9250.0,9300.0,49785700,-0.005376344086021501,9381.25,9623.0,0.014966225406927207
2024-06-13,8822.7548828125,9200.0,9475.0,9200.0,9475.0,84652200,-0.00540540540540535,9363.75,9603.5,0.014961490822981639
2024-06-14,8822.7548828125,9200.0,9250.0,9100.0,9200.0,52986300,0.0,9348.75,9585.0,0.014943247174920939
2024-06-19,8678.90625,9050.0,9250.0,9050.0,9250.0,100051000,-0.016304347826086918,9321.25,9563.5,0.01501125335499131
2024-06-20,9038.529296875,9425.0,9425.0,9100.0,9150.0,81474800,0.04143646408839774,9305.0,9550.0,0.017573121053914367
2024-06-21,9206.353515625,9600.0,9675.0,9400.0,9475.0,166841200,0.018567639257294433,9311.25,9540.5,0.016939711278490133
2024-06-24,9206.353515625,9600.0,9750.0,9575.0,9600.0,79592300,0.0,9322.5,9531.5,0.016730800327266943
2024-06-25,9206.353515625,9600.0,9600.0,9450.0,9600.0,80029000,0.0,9331.25,9522.0,0.016705924414814163
2024-06-26,9110.453125,9500.0,9650.0,9450.0,9525.0,77913200,-0.01041666666666663,9341.25,9510.5,0.01658929481054232
2024-06-27,9350.2021484375,9750.0,9750.0,9550.0,9575.0,89150700,0.026315789473684292,9363.75,9508.5,0.017507802467870308
2024-06-28,9518.0263671875,9925.0,9975.0,9775.0,9800.0,166172300,0.017948717948717885,9402.5,9509.0,0.01725478905573559
2024-07-01,9470.0771484375,9875.0,9900.0,9825.0,9850.0,68634600,-0.005037783375314908,9446.25,9516.0,0.01671953602438377
2024-07-02,9494.0517578125,9900.0,10000.0,9850.0,10000.0,78848500,0.0025316455696202667,9478.75,9517.0,0.015820838312086243
2024-07-03,9589.951171875,10000.0,10000.0,9925.0,9975.0,55860200,0.010101010101010166,9515.0,9520.5,0.0158870958229226
2024-07-04,9422.126953125,9825.0,10000.0,9825.0,9975.0,67054000,-0.01749999999999996,9538.75,9527.5,0.016547764454317774
2024-07-05,9542.0009765625,9950.0,9975.0,9875.0,9925.0,36946900,0.012722646310432628,9563.75,9536.0,0.016606010826956046
2024-07-08,9637.9013671875,10050.0,10050.0,9950.0,10000.0,72903600,0.01005025125628145,9592.5,9547.5,0.01668681893467836
2024-07-09,9661.8759765625,10075.0,10150.0,10075.0,10100.0,61853200,0.0024875621890547706,9630.0,9559.5,0.01608601592486096
2024-07-10,9685.8505859375,10100.0,10225.0,10050.0,10175.0,62325900,0.002481389578163684,9658.75,9574.5,0.015553362428977589
2024-07-11,9661.8759765625,10075.0,10125.0,10000.0,10000.0,55908400,-0.0024752475247524774,9697.5,9581.5,0.014314230432628241
2024-07-12,9661.8759765625,10075.0,10100.0,10025.0,10050.0,62646500,0.0,9738.75,9584.0,0.014176596469228406
2024-07-15,9637.9013671875,10050.0,10075.0,9950.0,10050.0,36682600,-0.002481389578163795,9781.25,9589.5,0.014085205087266298
2024-07-16,9542.0009765625,9950.0,10025.0,9950.0,9975.0,37192700,-0.00995024875621886,9818.75,9596.0,0.014424945342036845
2024-07-17,9398.1513671875,9800.0,9950.0,9800.0,9900.0,90666000,-0.015075376884422065,9856.25,9596.0,0.014336136129677894
2024-07-18,9685.8505859375,10100.0,10100.0,9800.0,9800.0,65383200,0.030612244897959107,9890.0,9602.0,0.012993283245490553
2024-07-19,9709.82421875,10125.0,10125.0,9975.0,10050.0,53880300,0.0024752475247524774,9916.25,9613.5,0.012502990245370734
2024-07-22,9685.8505859375,10100.0,10150.0,10100.0,10125.0,31285300,-0.0024691358024691024,9941.25,9618.5,0.012543588591264048
2024-07-23,9757.775390625,10175.0,10200.0,10125.0,10200.0,39321100,0.007425742574257432,9970.0,9626.0,0.012571947213118972
2024-07-24,9661.8759765625,10075.0,10175.0,10075.0,10125.0,24658000,-0.009828009828009798,9998.75,9633.5,0.01253956217678753
2024-07-25,9877.6494140625,10300.0,10300.0,10200.0,10225.0,98088100,0.022332506203474045,10026.25,9652.0,0.01217640441340473
2024-07-26,9901.625,10325.0,10400.0,10300.0,10375.0,75565800,0.0024271844660195274,10046.25,9668.0,0.011644260173786962
2024-07-29,9829.69921875,10250.0,10425.0,10175.0,10400.0,69092500,-0.007263922518159771,10065.0,9682.0,0.011725846414177194
2024-07-30,9757.775390625,10175.0,10300.0,10175.0,10300.0,32122900,-0.007317073170731714,10078.75,9695.5,0.011904697365674222
2024-07-31,9853.6748046875,10275.0,10350.0,10225.0,10350.0,82519900,0.00982800982800991,10092.5,9709.0,0.011894393275263846
2024-08-01,9949.57421875,10375.0,10375.0,10200.0,10200.0,61176200,0.009732360097323589,10120.0,9721.5,0.01114941526114404
2024-08-02,9781.75,10200.0,10350.0,10200.0,10275.0,55699900,-0.016867469879518038,10132.5,9736.0,0.01171056064187785
2024-08-05,9470.0771484375,9875.0,10150.0,9875.0,10000.0,126328300,-0.031862745098039214,10123.75,9746.0,0.013652637150228832
2024-08-06,9589.951171875,10000.0,10075.0,9950.0,10075.0,78473900,0.012658227848101333,10120.0,9757.5,0.013966923316291709
2024-08-07,9685.8505859375,10100.0,10100.0,10000.0,10000.0,52327400,0.010000000000000009,10120.0,9773.5,0.014145231587232946
2024-08-08,9805.7255859375,10225.0,10225.0,10075.0,10150.0,54162100,0.012376237623762387,10127.5,9792.0,0.014390890590893272
2024-08-09,9733.7998046875,10150.0,10250.0,10100.0,10225.0,47062400,-0.007334963325183352,10131.25,9812.0,0.014506362173940619
2024-08-12,9781.75,10200.0,10200.0,10075.0,10100.0,40364100,0.0049261083743843415,10138.75,9836.0,0.014521573911624248
2024-08-13,9877.6494140625,10300.0,10300.0,10175.0,10250.0,55207100,0.009803921568627416,10156.25,9857.0,0.014420394717406734
2024-08-14,9781.75,10200.0,10300.0,10200.0,10300.0,47999100,-0.009708737864077666,10176.25,9875.5,0.014136421371594819
2024-08-15,9805.7255859375,10225.0,10300.0,10175.0,10200.0,33396600,0.002450980392156854,10182.5,9893.0,0.01244841818450128
2024-08-16,9901.625,10325.0,10325.0,10250.0,10300.0,40731400,0.009779951100244544,10192.5,9910.5,0.012609692811310153
2024-08-19,9949.57421875,10375.0,10425.0,10275.0,10325.0,51054400,0.004842615012106588,10206.25,9928.5,0.012608151142010353
2024-08-20,9997.5234375,10425.0,10450.0,10300.0,10325.0,60304400,0.004819277108433662,10218.75,9950.5,0.01255617006587109
2024-08-21,9997.5234375,10425.0,10500.0,10425.0,10500.0,84848800,0.0,10236.25,9968.5,0.012287607456481131
2024-08-22,9901.625,10325.0,10400.0,10225.0,10350.0,56611600,-0.00959232613908878,10237.5,9989.0,0.01152744303509768
2024-08-23,9901.625,10325.0,10375.0,10300.0,10325.0,46651600,0.0,10237.5,10010.5,0.011515364140078773
2024-08-26,9901.625,10325.0,10375.0,10250.0,10275.0,35145600,0.0,10241.25,10033.0,0.011385916900632002
2024-08-27,9781.75,10200.0,10300.0,10175.0,10275.0,60448400,-0.01210653753026636,10242.5,10053.0,0.011605607129851788
2024-08-28,9925.5986328125,10350.0,10350.0,10250.0,10300.0,38489900,0.014705882352941124,10246.25,10079.0,0.011867179458818945
2024-08-29,9805.7255859375,10225.0,10500.0,10225.0,10500.0,53004700,-0.012077294685990392,10238.75,10095.0,0.011969114131394433
2024-08-30,9901.625,10325.0,10325.0,10200.0,10325.0,158403700,0.009779951100244544,10245.0,10109.5,0.011545574307842263
2024-09-02,9853.6748046875,10275.0,10375.0,10200.0,10375.0,72008600,-0.004842615012106588,10265.0,10123.0,0.008790086772753036
2024-09-03,9757.775390625,10175.0,10325.0,10150.0,10325.0,50950200,-0.009732360097323589,10273.75,10134.5,0.008790265792268801
2024-09-04,9877.6494140625,10300.0,10300.0,10125.0,10150.0,44817000,0.01228501228501222,10283.75,10150.5,0.008928468767987955
2024-09-05,9829.69921875,10250.0,10350.0,10250.0,10350.0,39332900,-0.004854368932038833,10285.0,10160.5,0.008600153068517136
2024-09-06,9877.6494140625,10300.0,10300.0,10225.0,10225.0,31541800,0.004878048780487809,10292.5,10168.0,0.008472821677855562
2024-09-09,9853.6748046875,10275.0,10350.0,10200.0,10300.0,36185100,-0.0024271844660194164,10296.25,10176.0,0.008442372442411646
2024-09-10,9925.5986328125,10350.0,10350.0,10275.0,10350.0,55093100,0.007299270072992803,10298.75,10185.0,0.00831312524388815
2024-09-11,9997.5234375,10425.0,10425.0,10350.0,10425.0,64621300,0.007246376811594235,10310.0,10193.5,0.008103296900341974
2024-09-12,10045.4736328125,10475.0,10500.0,10375.0,10450.0,70759100,0.004796163069544335,10322.5,10206.5,0.008140411994749571
2024-09-13,9997.5234375,10425.0,10425.0,10325.0,10400.0,70057100,-0.004773269689737458,10327.5,10216.0,0.00798583771008265
2024-09-17,10069.44921875,10500.0,10500.0,10350.0,10450.0,89745000,0.007194244604316502,10333.75,10225.0,0.0080698221844821
2024-09-18,10189.3232421875,10625.0,10625.0,10450.0,10500.0,65420200,0.011904761904761862,10343.75,10236.0,0.008411708025818641
2024-09-19,10453.046875,10900.0,10900.0,10650.0,10700.0,140886600,0.025882352941176467,10367.5,10252.0,0.010078207344952241
2024-09-20,10333.171875,10775.0,10900.0,10775.0,10900.0,142194600,-0.011467889908256867,10390.0,10266.0,0.010202438066963759
2024-09-23,10500.9970703125,10950.0,10950.0,10725.0,10725.0,72553800,0.016241299303944245,10421.25,10283.5,0.010655704676943685
2024-09-24,10357.146484375,10800.0,10950.0,10775.0,10775.0,105191100,-0.013698630136986356,10445.0,10298.5,0.011280409334374304
2024-09-25,10405.09765625,10850.0,10850.0,10525.0,10675.0,158369100,0.004629629629629539,10477.5,10316.5,0.01076345825252329
2024-09-26,10261.248046875,10700.0,10875.0,10675.0,10875.0,84960100,-0.01382488479262678,10495.0,10334.5,0.011038233409336214
2024-09-27,10213.2978515625,10650.0,10750.0,10400.0,10500.0,93027400,-0.004672897196261627,10516.25,10345.5,0.010669048414979327
2024-09-30,9901.625,10325.0,10550.0,10325.0,10475.0,144692100,-0.030516431924882625,10516.25,10349.5,0.01274397842137632
2024-10-01,10117.3984375,10550.0,10550.0,10375.0,10400.0,59797700,0.021791767554479424,10530.0,10358.5,0.013567787090567406
2024-10-02,10069.44921875,10500.0,10550.0,10325.0,10325.0,86746200,-0.004739336492891044,10546.25,10365.0,0.013396851952560834
2024-10-03,10021.4990234375,10450.0,10525.0,10400.0,10450.0,60887000,-0.004761904761904745,10553.75,10372.5,0.013226395147175631
2024-10-04,10045.4736328125,10475.0,10475.0,10350.0,10400.0,58500400,0.0023923444976077235,10565.0,10376.0,0.01316226435447935
2024-10-07,9877.6494140625,10300.0,10375.0,10250.0,10350.0,91867900,-0.01670644391408116,10565.0,10375.5,0.013715387965367667
2024-10-08,9973.548828125,10400.0,10500.0,10150.0,10200.0,99622900,0.009708737864077666,10571.25,10378.5,0.013865819929629139
2024-10-09,9997.5234375,10425.0,10525.0,10400.0,10400.0,56835200,0.0024038461538462563,10575.0,10383.5,0.013786103153223676
2024-10-10,10069.44921875,10500.0,10500.0,10400.0,10425.0,51080000,0.007194244604316502,10578.75,10388.0,0.013784755653378411
2024-10-11,9949.57421875,10375.0,10575.0,10375.0,10575.0,44632100,-0.011904761904761862,10573.75,10388.0,0.01401153285512643
2024-10-14,10069.44921875,10500.0,10500.0,10375.0,10375.0,31738600,0.012048192771084265,10577.5,10394.0,0.014237379193956887
2024-10-15,10189.3232421875,10625.0,10625.0,10450.0,10550.0,66635200,0.011904761904761862,10583.75,10409.0,0.014392847949389491
2024-10-16,10045.4736328125,10475.0,10725.0,10475.0,10700.0,63255900,-0.014117647058823568,10576.25,10418.5,0.014501519700568804
2024-10-17,10285.22265625,10725.0,10800.0,10500.0,10550.0,66993300,0.023866348448687402,10567.5,10431.0,0.014313461279488477
2024-10-18,10309.1962890625,10750.0,10875.0,10725.0,10875.0,56299600,0.002331002331002363,10566.25,10441.5,0.014098645421769253
2024-10-21,10237.2734375,10675.0,10850.0,10675.0,10850.0,36472500,-0.006976744186046546,10552.5,10452.0,0.013637420236331759
2024-10-22,10069.44921875,10500.0,10600.0,10475.0,10475.0,94799500,-0.016393442622950838,10537.5,10458.0,0.013780157103405483
2024-10-23,10213.2978515625,10650.0,10650.0,10475.0,10475.0,48903000,0.014285714285714235,10527.5,10465.0,0.01416330628087399
2024-10-24,10261.248046875,10700.0,10850.0,10700.0,10725.0,85341200,0.0046948356807512415,10527.5,10475.0,0.013871696930405717
2024-10-25,10309.1962890625,10750.0,10750.0,10625.0,10650.0,34847500,0.004672897196261738,10532.5,10485.5,0.01386015877066757
2024-10-28,10165.34765625,10600.0,10825.0,10600.0,10825.0,39061500,-0.013953488372092981,10546.25,10491.0,0.012314289220888728
2024-10-29,10069.44921875,10500.0,10575.0,10500.0,10525.0,49680100,-0.009433962264150941,10543.75,10493.5,0.011546660309427246
2024-10-30,9925.5986328125,10350.0,10400.0,10275.0,10275.0,114484100,-0.014285714285714235,10536.25,10492.0,0.011936055176227183
2024-10-31,9829.69921875,10250.0,10475.0,10250.0,10325.0,97553400,-0.009661835748792313,10526.25,10488.5,0.012074349774522245
2024-11-01,9997.5234375,10425.0,10425.0,10275.0,10275.0,47710000,0.017073170731707332,10523.75,10490.5,0.01271411647810288
2024-11-04,9949.57421875,10375.0,10500.0,10300.0,10425.0,49275700,-0.004796163069544335,10527.5,10491.5,0.012165531021683789
2024-11-05,10069.44921875,10500.0,10575.0,10300.0,10300.0,50296500,0.012048192771084265,10532.5,10495.0,0.012270208884334523
2024-11-06,10021.4990234375,10450.0,10500.0,10375.0,10475.0,50324900,-0.004761904761904745,10533.75,10500.0,0.012317754166805873
2024-11-07,9757.775390625,10175.0,10450.0,10175.0,10325.0,131579100,-0.02631578947368418,10517.5,10496.5,0.013534125518451677
2024-11-08,9661.8759765625,10075.0,10225.0,10050.0,10200.0,92166100,-0.009828009828009798,10502.5,10493.5,0.013457716106433195
2024-11-11,9637.9013671875,10050.0,10050.0,9800.0,9800.0,128707600,-0.002481389578163795,10480.0,10488.0,0.01308159453331397
2024-11-12,9733.7998046875,10150.0,10225.0,10000.0,10100.0,80378500,0.00995024875621886,10456.25,10485.5,0.012978307979300628
2024-11-13,9733.7998046875,10150.0,10250.0,10150.0,10225.0,62933100,0.0,10440.0,10485.0,0.012676658016158719
2024-11-14,9685.8505859375,10100.0,10175.0,10050.0,10125.0,56381400,-0.0049261083743842304,10408.75,10481.0,0.011192548305105476
2024-11-15,9757.775390625,10175.0,10275.0,10050.0,10050.0,63598200,0.007425742574257432,10380.0,10479.5,0.01137526356076987
2024-11-18,9589.951171875,10000.0,10125.0,10000.0,10075.0,65716200,-0.017199017199017175,10346.25,10473.5,0.011800057402709365
2024-11-19,9518.0263671875,9925.0,10025.0,9900.0,9900.0,85295300,-0.007499999999999951,10317.5,10466.5,0.01143851476564797
2024-11-20,9661.8759765625,10075.0,10150.0,10000.0,10025.0,58584400,0.015113350125944613,10288.75,10461.0,0.011504693857296034
2024-11-21,9493.21484375,9850.0,10000.0,9850.0,10000.0,93181200,-0.022332506203473934,10246.25,10449.5,0.012158132812100503
2024-11-22,9493.21484375,9850.0,9950.0,9850.0,9925.0,58396100,0.0,10201.25,10437.0,0.012025664635117497
2024-11-25,9806.4423828125,10175.0,10200.0,9900.0,9950.0,165369400,0.03299492385786795,10180.0,10432.0,0.014390414366042508
2024-11-26,9637.78125,10000.0,10250.0,10000.0,10250.0,62310100,-0.017199017199017175,10155.0,10422.0,0.014704401676086035
2024-11-28,9637.78125,10000.0,10075.0,9925.0,9975.0,57443500,0.0,10137.5,10409.5,0.014437837267413023
2024-11-29,9637.78125,10000.0,10100.0,9950.0,10000.0,76886000,0.0,10125.0,10391.5,0.01431571407967586
2024-12-02,9396.8369140625,9750.0,10050.0,9750.0,10000.0,87879600,-0.025000000000000022,10091.25,10371.0,0.014587670835661775
2024-12-03,9830.537109375,10200.0,10225.0,9900.0,10025.0,126087100,0.04615384615384621,10082.5,10356.0,0.018282542486580115
2024-12-04,9830.537109375,10200.0,10250.0,10050.0,10175.0,97876300,0.0,10067.5,10344.0,0.018037480321041438
2024-12-05,9878.7255859375,10250.0,10350.0,10225.0,10250.0,96904400,0.004901960784313708,10057.5,10332.0,0.01806913922110788
2024-12-06,9710.0654296875,10075.0,10175.0,10050.0,10100.0,68247200,-0.017073170731707332,10052.5,10319.5,0.017491493841760967
2024-12-09,9975.103515625,10350.0,10350.0,10000.0,10025.0,64458400,0.027295285359801413,10066.25,10313.5,0.0183799286872563
2024-12-10,9975.103515625,10350.0,10350.0,10275.0,10325.0,61230400,0.0,10081.25,10314.0,0.018359958804423634
2024-12-11,10047.38671875,10425.0,10425.0,10225.0,10225.0,37934300,0.007246376811594235,10095.0,10311.5,0.01830534399830715
2024-12-12,9806.4423828125,10175.0,10375.0,10175.0,10300.0,44780100,-0.023980815347721784,10096.25,10305.0,0.01917325291777852
2024-12-13,9685.970703125,10050.0,10225.0,10025.0,10125.0,75126400,-0.012285012285012331,10093.75,10297.0,0.01934855268406657
2024-12-16,9734.1591796875,10100.0,10125.0,10000.0,10000.0,57746100,0.004975124378109541,10090.0,10289.5,0.019306285927205513
2024-12-17,9541.404296875,9900.0,10050.0,9900.0,9950.0,99845900,-0.01980198019801982,10085.0,10281.5,0.019435293586787295
2024-12-18,9445.025390625,9800.0,10025.0,9800.0,9900.0,84868500,-0.010101010101010055,10078.75,10269.5,0.01949444692994198
2024-12-19,9324.5537109375,9675.0,9775.0,9550.0,9700.0,104254100,-0.012755102040816313,10058.75,10254.5,0.0193183069877973
2024-12-20,9300.458984375,9650.0,9750.0,9625.0,9650.0,91576900,-0.0025839793281653423,10048.75,10237.5,0.018711340965823456
2024-12-23,9420.9306640625,9775.0,9850.0,9700.0,9700.0,43292100,0.012953367875647714,10045.0,10225.5,0.01896515872161413
2024-12-24,9396.8369140625,9750.0,9900.0,9750.0,9850.0,32415700,-0.002557544757033292,10023.75,10210.5,0.017280049769013102
2024-12-27,9445.025390625,9800.0,9825.0,9725.0,9800.0,24016700,0.00512820512820511,10013.75,10194.0,0.0169641382347104
2024-12-30,9324.5537109375,9675.0,9825.0,9675.0,9800.0,56350100,-0.012755102040816313,9997.5,10178.0,0.017168076462974375
2025-01-02,9541.404296875,9900.0,9900.0,9650.0,9650.0,38124800,0.023255813953488413,9992.5,10161.5,0.018041224595953417
2025-01-03,9493.21484375,9850.0,9925.0,9825.0,9850.0,41916000,-0.005050505050505083,9997.5,10143.5,0.017135329153403232
2025-01-06,9324.5537109375,9675.0,9875.0,9650.0,9850.0,41593900,-0.017766497461928932,9971.25,10123.5,0.013846581515902463
2025-01-07,9179.986328125,9525.0,9725.0,9525.0,9675.0,71318600,-0.015503875968992276,9937.5,10104.0,0.014127578253271328
2025-01-08,9324.5537109375,9675.0,9775.0,9575.0,9675.0,55943100,0.015748031496062964,9908.75,10084.5,0.014658124403393667
2025-01-09,9493.21484375,9850.0,9875.0,9725.0,9750.0,42733800,0.01808785529715773,9897.5,10067.5,0.014959160092250953
2025-01-10,9372.7421875,9725.0,9925.0,9725.0,9800.0,72531300,-0.012690355329949221,9866.25,10047.0,0.013584137023388754
2025-01-13,9324.5537109375,9675.0,9725.0,9625.0,9625.0,88270100,-0.005141388174807249,9832.5,10028.5,0.01357258452526242
2025-01-14,9179.986328125,9525.0,9725.0,9525.0,9600.0,70942600,-0.015503875968992276,9787.5,10009.0,0.013597358400964831
2025-01-15,9445.025390625,9800.0,9800.0,9550.0,9575.0,77098000,0.028871391076115582,9768.75,9998.0,0.014687125168688439
2025-01-16,9396.8369140625,9750.0,9925.0,9750.0,9850.0,76979000,-0.005102040816326481,9753.75,9988.0,0.014503236360534516
2025-01-17,9541.404296875,9900.0,9900.0,9650.0,9750.0,71033100,0.01538461538461533,9743.75,9977.5,0.014925256140917704
2025-01-20,9276.3642578125,9625.0,9875.0,9625.0,9850.0,112111200,-0.02777777777777779,9730.0,9962.5,0.015550501937502494
2025-01-21,9228.17578125,9575.0,9675.0,9550.0,9600.0,124547900,-0.0051948051948051965,9718.75,9944.0,0.015442565045633377
2025-01-22,9252.2705078125,9600.0,9675.0,9575.0,9650.0,90154800,0.0026109660574411553,9715.0,9927.0,0.015209933734095236
2025-01-23,9252.2705078125,9600.0,9750.0,9600.0,9600.0,120515400,0.0,9712.5,9915.5,0.01520029882315752
2025-01-24,9011.3251953125,9350.0,9650.0,9350.0,9625.0,152057000,-0.02604166666666663,9691.25,9901.0,0.015915183719992693
2025-01-30,8818.5693359375,9150.0,9275.0,9150.0,9150.0,154645800,-0.021390374331550777,9661.25,9883.0,0.016490422296886787
2025-01-31,9107.7041015625,9450.0,9500.0,9225.0,9250.0,112982800,0.032786885245901676,9643.75,9869.0,0.01827484514411987
2025-02-03,9011.3251953125,9350.0,9400.0,9225.0,9400.0,90439900,-0.010582010582010581,9627.5,9853.0,0.0182117490587778
2025-02-04,8842.6640625,9175.0,9400.0,9175.0,9350.0,94607700,-0.018716577540106916,9591.25,9834.5,0.017611253556355386
2025-02-05,8794.4755859375,9125.0,9175.0,9100.0,9100.0,98229900,-0.00544959128065392,9555.0,9813.5,0.01761315156469622
2025-02-06,8625.814453125,8950.0,9100.0,8850.0,9075.0,171477800,-0.019178082191780854,9518.75,9792.5,0.017675336485015587
2025-02-07,9011.3251953125,9350.0,9350.0,8825.0,8950.0,131162200,0.04469273743016755,9510.0,9781.0,0.02047075997387992
2025-02-10,8818.5693359375,9150.0,9250.0,9025.0,9025.0,76209100,-0.021390374331550777,9483.75,9762.5,0.020581548336968347
2025-02-11,8746.287109375,9075.0,9100.0,9000.0,9025.0,71188300,-0.008196721311475419,9445.0,9747.0,0.020023563370504014
2025-02-12,8818.5693359375,9150.0,9150.0,8950.0,8950.0,121172600,0.008264462809917328,9416.25,9733.0,0.02008755343336623
2025-02-13,8674.0029296875,9000.0,9150.0,9000.0,9100.0,90439700,-0.016393442622950838,9382.5,9709.5,0.02031135173901149
2025-02-14,8649.9091796875,8975.0,9075.0,8950.0,9000.0,116274500,-0.002777777777777768,9355.0,9689.0,0.020111066116331382
2025-02-17,8987.23046875,9325.0,9325.0,8975.0,8975.0,89096400,0.03899721448467974,9331.25,9675.5,0.021055094444824556
2025-02-18,8963.13671875,9300.0,9575.0,9250.0,9325.0,107318300,-0.002680965147453085,9308.75,9661.5,0.02104492882725337
2025-02-19,8625.814453125,8950.0,9250.0,8950.0,9225.0,154438200,-0.037634408602150504,9261.25,9645.5,0.022035670548390906
2025-02-20,8674.0029296875,9000.0,9025.0,8950.0,8975.0,119260800,0.005586592178770999,9230.0,9621.5,0.021460199693688002
2025-02-21,8674.0029296875,9000.0,9000.0,8925.0,8950.0,106054700,0.0,9201.25,9597.5,0.021465385978869364
2025-02-24,8601.7197265625,8925.0,8975.0,8875.0,8925.0,108530300,-0.008333333333333304,9167.5,9571.0,0.021457680894595405
2025-02-25,8505.3427734375,8825.0,9000.0,8825.0,8900.0,101592700,-0.011204481792717047,9128.75,9546.0,0.021509841213910252
2025-02-26,8457.1533203125,8775.0,8900.0,8725.0,8800.0,117843500,-0.005665722379603388,9100.0,9514.5,0.02088343978392186
2025-02-27,8216.2080078125,8525.0,8800.0,8500.0,8800.0,199991600,-0.028490028490028463,9068.75,9478.0,0.021269919025932796
2025-02-28,8119.8310546875,8425.0,8675.0,8425.0,8525.0,293095000,-0.011730205278592365,9017.5,9438.0,0.019552720233028228
2025-03-03,8481.248046875,8800.0,8900.0,8550.0,8600.0,192944300,0.04451038575667665,8990.0,9410.5,0.022468908154688053
2025-03-04,8529.4365234375,8850.0,8925.0,8675.0,8900.0,125418500,0.005681818181818121,8973.75,9386.5,0.022219613154556478
2025-03-05,8674.0029296875,9000.0,9175.0,8825.0,8825.0,155207900,0.016949152542372836,8967.5,9364.5,0.022575391204004515
2025-03-06,8649.9091796875,8975.0,9200.0,8975.0,9200.0,96270100,-0.002777777777777768,8968.75,9346.0,0.02215321679695806
2025-03-07,8601.7197265625,8925.0,9000.0,8925.0,9000.0,82295300,-0.005571030640668551,8947.5,9328.5,0.01955967866214477
2025-03-10,8601.7197265625,8925.0,8975.0,8725.0,8750.0,97652100,0.0,8936.25,9313.5,0.01902945916064824
2025-03-11,8601.7197265625,8925.0,9050.0,8875.0,8950.0,109295600,0.0,8928.75,9299.0,0.01895609297039248
2025-03-12,8794.4755859375,9125.0,9125.0,8975.0,9025.0,87968900,0.022408963585434094,8927.5,9286.0,0.01956091944979889
2025-03-13,8649.9091796875,8975.0,9175.0,8975.0,9150.0,83030700,-0.016438356164383605,8926.25,9270.5,0.019562908305375413
2025-03-14,8433.05859375,8750.0,8925.0,8750.0,8800.0,111397800,-0.02506963788300831,8915.0,9249.5,0.020351147518244378
2025-03-17,8288.4921875,8600.0,8775.0,8550.0,8750.0,151365700,-0.017142857142857126,8878.75,9228.0,0.01830190889777177
2025-03-18,7999.3583984375,8300.0,8550.0,8075.0,8500.0,417305700,-0.03488372093023251,8828.75,9196.0,0.01956389474688542
2025-03-19,8023.45263671875,8325.0,8400.0,8225.0,8300.0,214108200,0.003012048192771122,8797.5,9165.5,0.018105840240438525
2025-03-20,8071.64208984375,8375.0,8475.0,8350.0,8450.0,152917300,0.006006006006006093,8766.25,9139.5,0.018117106566041343
2025-03-21,7848.119140625,7900.0,8275.0,7900.0,8275.0,377916400,-0.05671641791044779,8711.25,9107.0,0.021645972264623732
2025-03-24,7897.791015625,7950.0,8100.0,7625.0,7825.0,331836800,0.006329113924050667,8662.5,9072.5,0.021820109121771545
2025-03-25,7997.13427734375,8050.0,8150.0,8000.0,8075.0,136341700,0.012578616352201255,8623.75,9036.5,0.022140846925844334
2025-03-26,8469.0146484375,8525.0,8650.0,8275.0,8300.0,283104600,0.05900621118012417,8611.25,9012.5,0.026275206222098366
2025-03-27,8444.1787109375,8500.0,8575.0,8375.0,8425.0,122943900,-0.0029325513196480912,8610.0,8989.0,0.025483422111883296
2025-04-08,7723.93994140625,7775.0,8000.0,7275.0,7400.0,533073600,-0.08529411764705885,8577.5,8954.0,0.03181300908721928
2025-04-09,7872.955078125,7925.0,7950.0,7675.0,7700.0,136753900,0.019292604501607746,8533.75,8916.5,0.03027168589984746
2025-04-10,8170.98486328125,8225.0,8650.0,8175.0,8500.0,144148600,0.03785488958990535,8502.5,8886.0,0.03167892438053977
2025-04-11,8220.65625,8275.0,8325.0,8050.0,8200.0,82603000,0.006079027355623046,8466.25,8853.5,0.031407675128707256
2025-04-14,8344.8359375,8400.0,8400.0,8250.0,8250.0,83319300,0.015105740181268867,8437.5,8829.0,0.03168901237554159
2025-04-15,8518.6865234375,8575.0,8600.0,8450.0,8575.0,83431800,0.02083333333333326,8420.0,8809.0,0.03211546955875024
2025-04-16,8419.3427734375,8475.0,8550.0,8425.0,8500.0,76874900,-0.011661807580174877,8397.5,8786.5,0.03219260331613265
2025-04-17,8444.1787109375,8500.0,8500.0,8350.0,8450.0,83540600,0.002949852507374562,8376.25,8764.5,0.03220939557313586
2025-04-21,8245.4921875,8300.0,8500.0,8300.0,8500.0,40683800,-0.02352941176470591,8335.0,8743.5,0.032019491810857684
2025-04-22,8444.1787109375,8500.0,8500.0,8325.0,8325.0,56537100,0.024096385542168752,8311.25,8730.5,0.03248561061306981
2025-04-23,8667.701171875,8725.0,8725.0,8550.0,8550.0,92329600,0.026470588235294024,8310.0,8716.0,0.03262029753078114
2025-04-24,8419.3427734375,8475.0,8850.0,8475.0,8850.0,143675300,-0.028653295128939882,8303.75,8698.5,0.03304437288907761
2025-04-25,8543.5224609375,8600.0,8650.0,8575.0,8650.0,58297000,0.014749262536873253,8318.75,8687.0,0.03215448871982151
2025-04-28,8717.373046875,8775.0,8775.0,8650.0,8750.0,73235400,0.02034883720930236,8341.25,8680.0,0.03240798471755619
2025-04-29,8667.701171875,8725.0,8825.0,8700.0,8800.0,60315700,-0.005698005698005715,8358.75,8675.5,0.03245924672018721
2025-04-30,8767.044921875,8825.0,8925.0,8675.0,8800.0,164597500,0.011461318051575908,8405.0,8665.0,0.02933609276875257
2025-05-02,8916.0595703125,8975.0,9000.0,8850.0,9000.0,92219000,0.016997167138810276,8456.25,8661.5,0.02943978138195934
2025-05-05,8916.0595703125,8975.0,9050.0,8975.0,9000.0,86385600,0.0,8502.5,8659.5,0.02943750910839192
2025-05-06,8965.7314453125,9025.0,9050.0,8975.0,9050.0,48860500,0.0055710306406684396,8527.5,8657.0,0.02665475634849276
2025-05-07,9015.4033203125,9075.0,9100.0,9000.0,9075.0,77382000,0.005540166204986097,8556.25,8658.5,0.026619431881249468
2025-05-08,8916.0595703125,8975.0,9200.0,8925.0,9075.0,99614500,-0.011019283746556474,8616.25,8658.5,0.017006494394678925
2025-05-09,8940.8955078125,9000.0,9050.0,8975.0,9050.0,47167500,0.0027855153203342198,8670.0,8652.0,0.01679509860722262
2025-05-14,9214.08984375,9275.0,9300.0,9150.0,9250.0,149002900,0.030555555555555447,8722.5,8651.5,0.016144924871201862
2025-05-15,9214.08984375,9275.0,9400.0,9250.0,9275.0,101401300,0.0,8772.5,8658.0,0.016203430696094576
2025-05-16,9238.9248046875,9300.0,9325.0,9225.0,9300.0,63007500,0.0026954177897573484,8817.5,8664.0,0.016067183904292667
2025-05-19,9437.611328125,9500.0,9500.0,9250.0,9275.0,111597200,0.021505376344086002,8863.75,8674.0,0.016102209837877395
2025-05-20,9412.7763671875,9475.0,9675.0,9475.0,9500.0,160614800,-0.0026315789473684292,8913.75,8685.0,0.015724982087178256
2025-05-21,9636.298828125,9700.0,9725.0,9550.0,9700.0,169739200,0.0237467018469657,8973.75,8702.5,0.016212918069760916
2025-05-22,9586.626953125,9650.0,9800.0,9650.0,9800.0,103113000,-0.005154639175257714,9041.25,8720.0,0.014871956552959292
2025-05-23,9611.462890625,9675.0,9700.0,9625.0,9675.0,48521800,0.002590673575129543,9100.0,8743.0,0.014391341280918908
2025-05-26,9561.791015625,9625.0,9650.0,9500.0,9600.0,56625300,-0.0051679586563307955,9145.0,8767.0,0.013818861406789104
2025-05-27,9387.9404296875,9450.0,9600.0,9450.0,9550.0,93212000,-0.018181818181818188,9193.75,8780.0,0.012622858902922422
2025-05-28,9338.2685546875,9400.0,9550.0,9400.0,9450.0,236950800,-0.005291005291005346,9233.75,8791.0,0.01264828126645421
2025-06-02,9040.23828125,9100.0,9175.0,9025.0,9025.0,264428700,-0.03191489361702127,9250.0,8793.0,0.014475570340708503
2025-06-03,8990.5673828125,9050.0,9125.0,8950.0,9050.0,128318100,-0.005494505494505475,9266.25,8794.5,0.014470004576058949
2025-06-04,8916.0595703125,8975.0,9125.0,8950.0,9100.0,93357200,-0.008287292817679592,9273.75,8795.5,0.014459149228852006
2025-06-05,8866.3876953125,8925.0,9050.0,8900.0,9000.0,95529000,-0.005571030640668551,9271.25,8795.5,0.014014031270212614
2025-06-10,9040.23828125,9100.0,9100.0,8950.0,8975.0,80406400,0.019607843137254832,9277.5,8799.0,0.014696962861214068
2025-06-11,8990.5673828125,9050.0,9125.0,9050.0,9100.0,56632600,-0.005494505494505475,9278.75,8797.5,0.014715944331680237
2025-06-12,9065.07421875,9125.0,9125.0,9000.0,9000.0,41337300,0.008287292817679592,9281.25,8800.5,0.014780687988873687
2025-06-13,8965.7314453125,9025.0,9125.0,8975.0,9100.0,83318000,-0.010958904109588996,9283.75,8806.0,0.014778243452634142
2025-06-16,8866.3876953125,8925.0,9000.0,8900.0,8925.0,57825000,-0.011080332409972304,9280.0,8812.5,0.014983340097666678
2025-06-17,9015.4033203125,9075.0,9100.0,8975.0,8975.0,54927900,0.01680672268907557,9270.0,8828.0,0.013757873983183901
2025-06-18,8841.5517578125,8900.0,9025.0,8900.0,8950.0,86270200,-0.019283746556473802,9251.25,8839.5,0.014347248730906308
2025-06-19,8717.373046875,8775.0,8925.0,8750.0,8900.0,78879500,-0.014044943820224698,9225.0,8847.5,0.014548046543687163
2025-06-20,8642.865234375,8700.0,8875.0,8625.0,8700.0,445915100,-0.008547008547008517,9185.0,8863.5,0.013413169691949427
2025-06-23,8568.3583984375,8625.0,8700.0,8500.0,8575.0,87324500,-0.008620689655172376,9142.5,8877.0,0.013440711277656954
2025-06-24,8717.373046875,8775.0,8850.0,8700.0,8725.0,110158900,0.017391304347825987,9096.25,8891.5,0.01279479691939715
2025-06-25,8543.5224609375,8600.0,8775.0,8475.0,8725.0,117561000,-0.019943019943019946,9043.75,8893.0,0.013228989381809605
2025-06-26,8593.1943359375,8650.0,8650.0,8525.0,8525.0,117281700,0.005813953488372103,8992.5,8896.0,0.0133538381150421
2025-06-30,8618.029296875,8675.0,8825.0,8550.0,8575.0,185441800,0.0028901734104045396,8945.0,8914.0,0.013485259832844248
2025-07-01,8642.865234375,8700.0,8775.0,8600.0,8750.0,82364500,0.0028818443804035088,8907.5,8929.5,0.013229568801979083
2025-07-02,8618.029296875,8675.0,8675.0,8575.0,8575.0,68545100,-0.002873563218390829,8871.25,8938.5,0.01322860622973283
2025-07-03,8543.5224609375,8600.0,8750.0,8600.0,8700.0,50370800,-0.008645533141210415,8846.25,8945.0,0.011554333924773032
2025-07-04,8593.1943359375,8650.0,8700.0,8550.0,8650.0,43593300,0.005813953488372103,8826.25,8950.0,0.011689294691980894
2025-07-07,8568.3583984375,8625.0,8650.0,8550.0,8625.0,49936900,-0.0028901734104046506,8808.75,8951.0,0.011603176606274279
2025-07-08,8444.1787109375,8500.0,8600.0,8425.0,8550.0,215611000,-0.01449275362318836,8787.5,8951.5,0.011918033300510302
2025-07-09,8444.1787109375,8500.0,8550.0,8450.0,8500.0,94459300,0.0,8757.5,8951.5,0.010765817977714046
2025-07-10,8543.5224609375,8600.0,8650.0,8500.0,8525.0,111769400,0.0117647058823529,8735.0,8957.5,0.011264985172650763
2025-07-11,8568.3583984375,8625.0,8675.0,8575.0,8575.0,135986500,0.0029069767441860517,8710.0,8960.0,0.011056470197297726
2025-07-14,8469.0146484375,8525.0,8675.0,8450.0,8650.0,125196000,-0.011594202898550732,8685.0,8956.0,0.011082161377820001
2025-07-15,8493.8505859375,8550.0,8600.0,8475.0,8600.0,77219300,0.0029325513196480912,8666.25,8957.5,0.010972684862301744
2025-07-16,8469.0146484375,8525.0,8600.0,8500.0,8550.0,97475300,-0.0029239766081871066,8638.75,8956.0,0.010031193774186138
2025-07-17,8469.0146484375,8525.0,8550.0,8500.0,8500.0,86016400,0.0,8620.0,8951.0,0.0092904648424353
2025-07-18,8369.671875,8425.0,8575.0,8425.0,8550.0,80432200,-0.011730205278592365,8602.5,8945.0,0.009147260249002144
2025-07-21,8394.5078125,8450.0,8500.0,8375.0,8450.0,95383500,0.0029673590504450953,8590.0,8937.5,0.009075132746314482
2025-07-22,8344.8359375,8400.0,8475.0,8400.0,8450.0,77981700,-0.00591715976331364,8578.75,8926.0,0.008981848790672448
2025-07-23,8369.671875,8425.0,8500.0,8400.0,8450.0,70969500,0.0029761904761904656,8561.25,8915.0,0.0079201191753725
2025-07-24,8444.1787109375,8500.0,8550.0,8450.0,8475.0,138256800,0.008902077151335286,8556.25,8904.5,0.0070610875278898635
2025-07-25,8394.5078125,8450.0,8525.0,8450.0,8500.0,58682800,-0.00588235294117645,8546.25,8892.0,0.006989312758898019
2025-07-28,8444.1787109375,8500.0,8625.0,8475.0,8625.0,99484300,0.00591715976331364,8537.5,8882.5,0.007112986538566048
2025-07-29,8344.8359375,8400.0,8500.0,8375.0,8500.0,104240300,-0.0117647058823529,8522.5,8870.5,0.0074393917174007725
2025-07-30,8320.0,8375.0,8475.0,8325.0,8475.0,98098100,-0.0029761904761904656,8507.5,8852.5,0.007440259763174244
2025-07-31,8220.65625,8275.0,8375.0,8250.0,8350.0,206006300,-0.011940298507462699,8491.25,8832.5,0.0076353151491597455
2025-08-01,8245.4921875,8300.0,8425.0,8300.0,8400.0,86196100,0.0030211480362538623,8473.75,8812.5,0.007511410969208708
2025-08-04,8220.65625,8275.0,8350.0,8275.0,8325.0,49054500,-0.003012048192771122,8456.25,8788.0,0.007512189632686853
2025-08-05,8369.671875,8425.0,8450.0,8325.0,8350.0,69475900,0.01812688821752273,8452.5,8767.0,0.008178296953430706
2025-08-06,8245.4921875,8300.0,8425.0,8300.0,8425.0,56325400,-0.014836795252225476,8442.5,8739.0,0.008789124190048821
2025-08-07,8245.4921875,8300.0,8350.0,8300.0,8325.0,43621300,0.0,8427.5,8712.0,0.00825662049445451
2025-08-08,8245.4921875,8300.0,8400.0,8300.0,8325.0,68378700,0.0,8411.25,8684.5,0.008195847858716644
2025-08-11,8493.8505859375,8550.0,8550.0,8425.0,8500.0,128561300,0.030120481927710774,8412.5,8663.0,0.010561816031383321
2025-08-12,8791.880859375,8850.0,8875.0,8575.0,8625.0,171015700,0.03508771929824572,8427.5,8651.0,0.013134004668808345
2025-08-13,8866.3876953125,8925.0,8975.0,8725.0,8975.0,129083900,0.008474576271186418,8447.5,8641.5,0.013165191235343567
2025-08-14,8717.373046875,8775.0,8950.0,8750.0,8925.0,122930900,-0.01680672268907568,8460.0,8635.0,0.01384377950645674
2025-08-15,8642.865234375,8700.0,8850.0,8700.0,8825.0,68754200,-0.008547008547008517,8473.75,8628.0,0.013700788191727861
2025-08-19,8444.1787109375,8500.0,8600.0,8450.0,8600.0,128591700,-0.02298850574712641,8476.25,8618.5,0.014762182013278452
2025-08-20,8469.0146484375,8525.0,8600.0,8350.0,8375.0,202260200,0.002941176470588225,8482.5,8610.5,0.014695481312912761
2025-08-21,8493.8505859375,8550.0,8575.0,8500.0,8550.0,69470200,0.0029325513196480912,8488.75,8599.5,0.01469515077770994
2025-08-22,8394.5078125,8450.0,8575.0,8450.0,8575.0,66394100,-0.011695906432748537,8486.25,8587.5,0.014821527981812984
2025-08-25,8419.3427734375,8475.0,8550.0,8475.0,8525.0,64052700,0.002958579881656709,8487.5,8574.5,0.014774630109513878
2025-08-26,8195.8203125,8250.0,8475.0,8250.0,8450.0,326794200,-0.026548672566371723,8475.0,8559.0,0.015862723803043308
2025-08-27,8245.4921875,8300.0,8350.0,8200.0,8250.0,111915700,0.0060606060606061,8470.0,8546.5,0.015748461598807315
2025-08-28,8270.328125,8325.0,8375.0,8275.0,8350.0,81281400,0.003012048192771122,8467.5,8531.5,0.01575545739126638
2025-08-29,8021.97021484375,8075.0,8275.0,8075.0,8250.0,236499300,-0.03003003003003002,8457.5,8515.0,0.016940669498990212
2025-09-01,7947.46240234375,8000.0,8050.0,7600.0,7650.0,421127500,-0.009287925696594423,8442.5,8499.5,0.017007048741149264
2025-09-02,7947.46240234375,8000.0,8175.0,8000.0,8000.0,155531500,0.0,8428.75,8485.5,0.0170081730846083
2025-09-03,7922.626953125,7975.0,8000.0,7900.0,7900.0,212372700,-0.0031250000000000444,8406.25,8472.5,0.01636578971695808
2025-09-04,7947.46240234375,8000.0,8000.0,7925.0,7975.0,103534800,0.0031347962382444194,8391.25,8457.0,0.01615132927625578
2025-09-08,7649.4326171875,7700.0,8025.0,7700.0,8025.0,321191900,-0.03749999999999998,8361.25,8439.0,0.018011295688553464
2025-09-09,7475.58203125,7525.0,7725.0,7475.0,7625.0,595368700,-0.022727272727272707,8322.5,8416.5,0.018483609938512238
2025-09-10,7748.77587890625,7800.0,7800.0,7550.0,7550.0,246849600,0.03654485049833878,8285.0,8399.0,0.01916436438636739
2025-09-11,7798.44775390625,7850.0,7975.0,7850.0,7900.0,235173400,0.0064102564102563875,8235.0,8382.0,0.017005154566167562
2025-09-12,7872.955078125,7925.0,7975.0,7850.0,7975.0,156084700,0.009554140127388644,8185.0,8367.0,0.01705462308024077
2025-09-15,7972.29833984375,8025.0,8100.0,7975.0,8000.0,142567700,0.012618296529968376,8147.5,8355.5,0.01732093078144273
2025-09-16,7872.955078125,7925.0,8075.0,7900.0,8050.0,129312900,-0.012461059190031154,8108.75,8341.0,0.01739323410499169
2025-09-17,7798.44775390625,7850.0,7900.0,7800.0,7850.0,183725900,-0.009463722397476393,8076.25,8325.5,0.01689269773854944
2025-09-18,7649.4326171875,7700.0,7900.0,7650.0,7850.0,275378700,-0.019108280254777066,8035.0,8309.5,0.017144909020178328
2025-09-19,7748.77587890625,7800.0,7825.0,7650.0,7650.0,149025300,0.01298701298701288,7997.5,8295.5,0.017530841453248916
2025-09-22,7674.2685546875,7725.0,7825.0,7725.0,7800.0,92588800,-0.009615384615384581,7961.25,8278.0,0.017491607049235025
2025-09-23,7823.28369140625,7875.0,7900.0,7750.0,7750.0,102606200,0.01941747572815533,7931.25,8263.0,0.018224365817578844
2025-09-24,7723.93994140625,7775.0,7950.0,7725.0,7950.0,150428400,-0.012698412698412653,7907.5,8248.0,0.017553493848838905
2025-09-25,7649.4326171875,7700.0,7775.0,7700.0,7725.0,147986600,-0.009646302250803873,7877.5,8231.0,0.017486788869952676
2025-09-26,7574.92529296875,7625.0,7700.0,7575.0,7575.0,121657700,-0.009740259740259716,7842.5,8213.0,0.0174655152024705
2025-09-29,7723.93994140625,7775.0,7800.0,7700.0,7750.0,116454700,0.01967213114754096,7827.5,8198.0,0.017135182823299358
2025-09-30,7574.92529296875,7625.0,7775.0,7625.0,7700.0,170666700,-0.019292604501607746,7808.75,8182.0,0.01750873257344828
2025-10-01,7450.74609375,7500.0,7675.0,7500.0,7600.0,202433400,-0.016393442622950838,7783.75,8163.0,0.017779395735590692
2025-10-02,7450.74609375,7500.0,7600.0,7500.0,7500.0,126952400,0.0,7760.0,8145.0,0.017792628839891064
2025-10-03,7475.58203125,7525.0,7550.0,7500.0,7525.0,76787500,0.0033333333333334103,7736.25,8127.0,0.017796237033071302
2025-10-06,7450.74609375,7500.0,7550.0,7450.0,7500.0,104032400,-0.0033222591362126463,7726.25,8107.0,0.015832014159491852
2025-10-07,7525.25341796875,7575.0,7600.0,7500.0,7550.0,74282600,0.010000000000000009,7728.75,8089.5,0.0151668603657333
2025-10-08,7326.56689453125,7375.0,7525.0,7375.0,7500.0,168080800,-0.02640264026402639,7707.5,8067.0,0.013744779985291847
2025-10-09,7500.41796875,7550.0,7700.0,7300.0,7375.0,293567400,0.023728813559322104,7692.5,8050.0,0.014850504355837176
2025-10-10,7351.40283203125,7400.0,7450.0,7350.0,7450.0,107426000,-0.019867549668874163,7666.25,8030.5,0.015117084904652727
2025-10-13,7276.8955078125,7325.0,7375.0,7300.0,7300.0,101847900,-0.010135135135135087,7631.25,8011.5,0.014705637943380643
2025-10-14,7202.38818359375,7250.0,7350.0,7250.0,7275.0,151862300,-0.010238907849829393,7597.5,7990.5,0.014650218764749484
2025-10-15,7202.38818359375,7250.0,7350.0,7225.0,7250.0,133206400,0.0,7567.5,7970.0,0.014628812830777745
2025-10-16,7252.0595703125,7300.0,7325.0,7225.0,7250.0,120611200,0.006896551724137945,7547.5,7947.5,0.01435589050598844
2025-10-17,7450.74609375,7500.0,7525.0,7275.0,7300.0,157334400,0.027397260273972712,7532.5,7931.5,0.015494064664680366
2025-10-20,7823.28369140625,7875.0,8000.0,7625.0,7700.0,393421800,0.050000000000000044,7540.0,7923.0,0.01920954246817294
2025-10-21,8419.3427734375,8475.0,8475.0,8100.0,8100.0,529802600,0.07619047619047614,7570.0,7926.5,0.025286771151611216
2025-10-22,8146.14892578125,8200.0,8700.0,8200.0,8700.0,392957200,-0.03244837758112096,7591.25,7919.5,0.026336001351408043
2025-10-23,8270.328125,8325.0,8350.0,8150.0,8200.0,187003900,0.015243902439024293,7622.5,7909.0,0.026295678829580244
2025-10-24,8220.65625,8275.0,8375.0,8275.0,8300.0,133355100,-0.006006006006005982,7655.0,7896.0,0.026204353048603878
2025-10-27,8295.1640625,8350.0,8425.0,8200.0,8325.0,182275600,0.009063444108761365,7683.75,7887.5,0.02598577946318394
2025-10-28,8220.65625,8275.0,8400.0,8250.0,8350.0,180270000,-0.008982035928143728,7716.25,7879.0,0.025601140506719317
2025-10-29,8543.5224609375,8600.0,8600.0,8275.0,8300.0,239156800,0.0392749244712991,7771.25,7881.0,0.02623935831061689
2025-10-30,8469.0146484375,8525.0,8750.0,8475.0,8575.0,259009800,-0.008720930232558155,7822.5,7881.0,0.026436785299129687
2025-10-31,8469.0146484375,8525.0,8650.0,8525.0,8550.0,177088000,0.0,7872.5,7880.5,0.02646994688804193
2025-11-03,8593.1943359375,8650.0,8650.0,8525.0,8650.0,115007100,0.014662756598240456,7930.0,7884.5,0.02642116197988935
2025-11-04,8593.1943359375,8650.0,8700.0,8625.0,8650.0,155231500,0.0,7983.75,7888.0,0.026465603052465748
2025-11-05,8642.865234375,8700.0,8700.0,8600.0,8625.0,125731500,0.005780346820809301,8050.0,7897.0,0.02528074369469537
2025-11-06,8493.8505859375,8550.0,8675.0,8550.0,8625.0,89756900,-0.017241379310344862,8100.0,7902.0,0.02564690876002911
2025-11-07,8618.029296875,8675.0,8675.0,8550.0,8550.0,75241900,0.014619883040935644,8163.75,7909.0,0.02492697987770042
2025-11-10,8518.6865234375,8575.0,8675.0,8575.0,8675.0,79897700,-0.011527377521613813,8226.25,7919.0,0.024982958837165614
2025-11-11,8344.8359375,8400.0,8600.0,8400.0,8575.0,130897600,-0.020408163265306145,8283.75,7927.0,0.025476556136321226
2025-11-12,8444.1787109375,8500.0,8550.0,8400.0,8425.0,85415600,0.011904761904761862,8346.25,7937.0,0.025426458363090522
2025-11-13,8320.0,8375.0,8475.0,8375.0,8400.0,104113800,-0.014705882352941124,8400.0,7945.0,0.025942152874240735
2025-11-14,8369.671875,8425.0,8500.0,8375.0,8375.0,89815300,0.005970149253731405,8446.25,7953.5,0.025503092600530925
2025-11-17,8518.6865234375,8575.0,8575.0,8475.0,8500.0,129411100,0.017804154302670572,8481.25,7971.0,0.023528095437372363
2025-11-18,8344.8359375,8400.0,8575.0,8400.0,8550.0,119377900,-0.020408163265306145,8477.5,7988.5,0.01707069913729105
2025-11-19,8419.3427734375,8475.0,8500.0,8325.0,8350.0,114209700,0.008928571428571397,8491.25,8002.0,0.015395360560484801
2025-11-20,8369.671875,8425.0,8600.0,8400.0,8475.0,124087400,-0.005899705014749235,8496.25,8013.5,0.015144810170997822
2025-11-21,8344.8359375,8400.0,8425.0,8350.0,8375.0,103917100,-0.0029673590504450953,8502.5,8023.0,0.015089076454894402
2025-11-24,8419.3427734375,8475.0,8475.0,8350.0,8400.0,279590600,0.008928571428571397,8508.75,8032.0,0.015085245624885953
2025-11-25,8444.1787109375,8500.0,8500.0,8375.0,8475.0,98807700,0.002949852507374562,8520.0,8043.5,0.014910847992217464
2025-11-26,8369.671875,8425.0,8450.0,8375.0,8400.0,77094400,-0.008823529411764675,8511.25,8055.0,0.01210310381265935
2025-11-27,8270.328125,8325.0,8450.0,8325.0,8425.0,71051300,-0.011869436201780381,8501.25,8067.5,0.012229214547537942
2025-11-28,8220.65625,8275.0,8350.0,8275.0,8325.0,67559300,-0.006006006006005982,8488.75,8077.0,0.01227405054716518
2025-12-01,8344.8359375,8400.0,8450.0,8350.0,8450.0,76359200,0.015105740181268867,8476.25,8090.5,0.012304952275168158
2025-12-02,8320.0,8375.0,8425.0,8350.0,8350.0,97044000,-0.0029761904761904656,8462.5,8100.5,0.012305212497706764
2025-12-03,8300.0,8300.0,8400.0,8300.0,8350.0,103550900,-0.008955223880596996,8442.5,8111.0,0.012284837466513245
2025-12-04,8225.0,8225.0,8350.0,8225.0,8325.0,71410400,-0.009036144578313254,8426.25,8121.5,0.011889501411927197
2025-12-05,8300.0,8300.0,8300.0,8200.0,8200.0,71162300,0.00911854103343468,8407.5,8135.0,0.011546653345845622
2025-12-08,8300.0,8300.0,8350.0,8250.0,8350.0,61745200,0.0,8393.75,8145.5,0.011339441070838242
2025-12-09,8100.0,8100.0,8300.0,8100.0,8300.0,113057200,-0.02409638554216864,8378.75,8155.0,0.011686648180975074
2025-12-10,8075.0,8075.0,8175.0,8025.0,8100.0,143418300,-0.0030864197530864335,8357.5,8166.5,0.011236742811469937
2025-12-11,8000.0,8000.0,8200.0,7900.0,8175.0,140766000,-0.009287925696594423,8338.75,8176.5,0.010989615964048592
2025-12-12,8000.0,8000.0,8000.0,7850.0,7900.0,100006800,0.0,8317.5,8186.0,0.010835141937227314
2025-12-15,8300.0,8300.0,8300.0,7925.0,7925.0,143105700,0.03750000000000009,8303.75,8202.0,0.013377292781125488
2025-12-16,8075.0,8075.0,8375.0,8025.0,8375.0,122332000,-0.027108433734939763,8287.5,8212.0,0.013946373616340248
2025-12-17,8025.0,8025.0,8125.0,7975.0,8000.0,89802700,-0.006191950464396245,8265.0,8225.0,0.013737941304193094
2025-12-18,8175.0,8175.0,8250.0,8025.0,8025.0,88497200,0.01869158878504673,8252.5,8237.5,0.014509204025878191
2025-12-19,8050.0,8050.0,8225.0,8050.0,8200.0,131069800,-0.015290519877675823,8235.0,8250.5,0.01483697995673224
2025-12-22,8175.0,8175.0,8175.0,8025.0,8050.0,72424200,0.01552795031055898,8220.0,8267.5,0.01516312635691052
2025-12-23,8025.0,8025.0,8125.0,7975.0,8100.0,85044100,-0.01834862385321101,8196.25,8283.0,0.015562631382839299
2025-12-24,8025.0,8025.0,8075.0,8000.0,8025.0,71260500,0.0,8176.25,8298.5,0.015506558456716994
2025-12-29,8025.0,8025.0,8025.0,7950.0,8025.0,78399400,0.0,8161.25,8313.0,0.015347985896999311
2025-12-30,8075.0,8075.0,8175.0,7950.0,7950.0,101995600,0.006230529595015577,8151.25,8324.5,0.015411984629992092
